8549.125,8338.315,8175.035,8161.195,8297.978,8576.767,8925.183,9220.172,9561.466,9860.368,10135.577,10153.227,10122.167,10053.449,10010.244,10095.25,10460.397,11347.843,11414.433,11297.391,11227.325,11024.507,10704.934,10369.026
10052.335,9961.436,9880.421,10095.15,10360.434,10803.265,11317.268,11796.305,11943.109,11558.336,11083.251,10694.126,10249.739,9864.32,9558.154,9454.75,9974.131,11098.608,11530.708,11606.927,11660.013,11507.046,11174.206,10770.581
10483.54,10358.748,10325.857,10426.059,10641.432,11040.95,11489.861,11931.318,12092.794,11611.958,10999.08,10565.196,10275.793,10011.296,9835.984,9701.019,10161.578,11390.603,11887.172,12026.453,11940.746,11568.785,11060.832,10460.278
10211.26,10015.07,10108.708,10412.017,10953.384,11938.561,13210.584,13681.303,13401.896,13125.746,12945.77,12763.715,12675.558,12688.009,12665.951,12926.773,13522.916,14806.931,15153.78,15111.024,15009.329,14650.642,13987.203,13460.592
13340.315,13441.478,13691.225,14004.799,14664.054,15757.811,17127.35,17681.247,17182.894,16441.36,15764.525,15147.274,14545.453,14070.182,13773.314,13766.259,14337.624,15623.692,16052.726,16116.208,15981.889,15499.761,14781.452,14294.725
14074.988,14097.092,14164.275,14415.534,14900.412,15765.429,17004.405,17385.316,16621.93,15278.067,14086.978,13278.694,12595.017,12186.24,11861.059,11890.102,12402.59,13531.262,13851.296,13734.666,13466.075,12885.959,12050.724,11319.152
10827.483,10573.075,10523.357,10613.948,10879.349,11678.05,12893.496,13424.595,13158.505,12718.067,12426.407,12109.003,11778.552,11503.972,11326.792,11346.008,11650.644,12565.207,12845.665,12726.521,12529.331,12007.549,11281.709,10498.229
10041.376,9821.168,9675.074,9739.133,10066.152,10805.636,12007.807,12571.201,12316.609,12189.642,12106.08,11996.531,11799.429,11649.765,11518.076,11556.581,11878.76,12425.307,12328.46,12056.431,11699.097,11144.898,10624.709,9967.441
9523.938,9235.665,9067.931,9059.078,9108.446,9328.841,9745.136,10204.202,10671.497,10870.147,10806.911,10726.545,10478.796,10206.522,10076.759,10049.359,10324.073,11007.785,11057.351,10908.615,10630.486,10302.97,9804.112,9211.91
8780.921,8379.377,8142.076,7966.074,7975.875,8082.91,8330.432,8654.341,9040.661,9389.455,9449.763,9308.328,9213.848,9168.074,9129.378,9146.204,9601.471,10453.886,11015.021,11082.524,11085.641,10806.238,10290.767,9890.919
9658.985,9727.115,9913.26,10290.727,11035.193,12133.531,13771.608,14398.629,13897.61,13208.811,12702.347,12231.49,11859.162,11578.188,11408.326,11493.583,11955.861,13359.899,13856.873,13979.489,13884.427,13464.16,12831.871,12363.953
12077.382,12013.726,11969.662,12096.98,12476.036,13306.632,14527.283,14913.872,14213.508,13521.205,12990.248,12572.48,12240.486,11971.466,11611.671,11606.571,12162.68,13179.906,13464.83,13446.241,13310.635,12910.732,12328.626,11807.788
11557.829,11635.321,11808.775,12133.568,12762.861,13839.718,15342.466,15936.848,15320.799,14651.657,14164.645,12926.977,13166.472,12538.991,12342.768,12449.435,12981.479,14213.493,14778.284,14815.385,14700.994,14289.25,13632.707,12999.13
12559.162,12476.733,12330.689,12405.222,12794.175,13645.854,14827.114,15234.349,14528.531,13515.516,12673.178,11893.117,11265.502,10963.267,10640.764,10530.908,10837.234,11818.651,12246.642,12283.324,12176.238,11728.281,11068.238,10452.208
10068.23,9954.67,9994.141,10161.761,10655.7,11606.009,13027.078,13556.604,13108.454,12306.764,11670.696,11204.072,10964.934,10869.828,10909.464,11099.194,11640.585,12210.076,12137.915,11829.321,11601.565,11090.82,10587.9,9953.585
9497.973,9228.59,9026.28,9068.461,9202.297,9499.15,9968.283,10524.079,10883.622,10808.813,10479.746,10187.39,9897.736,9704.693,9586.844,9553.3,9826.975,10684.2,11052.497,11014.345,10952.743,10724.457,10457.894,10104.574
9763.888,9701.203,9676.082,9720.021,9884.135,10159.947,10540.234,11086.459,11693.538,12231.473,12635.044,12882.044,13040.28,12931.304,12629.703,12541.445,12791.688,13501.517,13763.22,13600.003,13463.123,13060.132,12549.2,12089.459
11800.839,11659.365,11762.582,12109.318,12766.206,13618.528,14619.548,15333.612,15430.665,15244.963,15012.816,14766.003,14501.084,14235.89,14062.618,14178.307,14930.972,16351.467,16978.862,17086.027,17083.512,16632.524,16063.379,15599.039
15441.891,15489.474,15708.135,16016.304,16494.471,17408.103,18572.438,18947.712,18302.866,17432.724,16834.571,16225.899,15698.29,15334.595,15003.929,15004.523,15607.446,16842.372,17411.592,17408.504,17308.853,16950.118,16223.656,15640.877
15381.227,15396.305,15575.194,15794.43,16254.169,17065.34,18120.397,18277.556,17614.807,16631.968,15702.849,14859.418,14475.725,14110.68,13820.233,13928.21,14419.957,15377.145,15595.219,15488.645,15294.987,14823.061,14031.029,13379.22
12940.91,12914.833,13047.144,13303.626,13819.913,14676.855,15871.933,16427.867,16004.514,15223.436,14716.597,14218.51,13665.705,13224.222,12968.147,12918.736,13375.126,14575.42,15272.771,15433.926,15374.179,15021.878,14518.514,14000.73
13682.104,13652.778,13758.669,13963.613,14327.143,14998.037,15716.052,16136.365,16146.377,16090.25,15961.115,16060.556,16064.543,16025.62,16069.683,16155.492,16459.299,17147.319,17077.577,16511.277,16049.863,15461.55,14737.881,14180.045
13752.154,13621.169,13564.413,13647.676,13801.161,14074.94,14439.559,14977.718,15459.631,15831.328,15979.292,16065.164,16099.873,16023.866,16000.1,16124.456,16383.753,16970.9,16999.129,16572.198,16080.587,15487.557,14835.471,14111.054
13631.325,13457.163,13343.915,13416.892,13528.245,13880.044,14321.029,14706.185,14687.089,14267.121,13659.853,13225.693,12761.13,12327.008,12021.726,11923.063,12332.188,13557.259,14440.898,14649.523,14583.882,14353.264,14028.057,13733.154
13615.374,13713.492,13886.107,14195.443,14662.921,15296.094,16132.591,16501.944,16065.661,15078.267,14118.787,13372.057,12714.164,12166.564,11874.238,11909.239,12402.785,13458.362,13997.279,13861.178,13591.259,13088.839,12420.661,11844.313
11473.737,11392.28,11447.865,11523.409,11831.136,12399.377,13184.187,13522.163,13266.616,12745.151,12151.893,11608.003,11159.297,10851.545,10774.438,10735.569,10991.514,11901.975,12294.648,12163.354,11816.93,11312.485,10639.673,10041.488
9515.259,9316.837,9314.217,9420.931,9798.459,10597.977,11661.286,12230.351,12291.259,12335.214,12312.327,12020.239,11877.223,11648.462,11473.225,11473.367,11733.603,12799.469,13486.325,13598.482,13558.671,13129.401,12583.182,12112.693
11889.556,11868.748,11964.684,12274.332,12692.18,13691.93,14915.521,15480.178,15205.43,14330.813,13367.81,12649.013,12047.872,11725.912,11673.564,11657.393,11957.413,12856.741,13337.776,13296.291,13099.317,12623.215,11902.884,11244.482
10837.969,10728.269,10824.048,10999.482,11537.978,12412.145,13543.835,13988.289,13545.231,12947.266,12504.706,12054.571,11868.473,11756.361,11613.52,11639.089,11946.672,12946.638,13522.974,13489.085,13413.489,13156.751,12772.105,12365.375
12105.205,12095.252,12203.719,12412.939,12767.28,13322.452,14016.185,14597.655,14473.195,13531.022,12601.554,11873.887,11221.977,10632.766,10267.779,10145.858,10394.975,11256.325,11943.285,11988.951,11895.19,11675.994,11273.177,10783.141
10423.262,10189.982,10128.216,10153.47,10310.321,10608.987,11021.273,11383.655,11480.303,11089.486,10487.378,10006.667,9632.108,9366.768,9177.664,9113.875,9405.82,10110.361,10751.073,10712.811,10488.292,10104.243,9500.569,8877.66
8458.954,8207.804,8136.591,8247.925,8607.034,9497.821,10659.665,11172.165,10877.664,10510.907,10233.368,10066.624,9884.721,9843.653,9839.352,9854.034,10140.895,10805.773,11225.716,11155.751,10870.898,10322.058,9666.39,9024.761
8613.11,8487.75,8420.478,8554.31,9032.803,9965.707,11447.199,12075.849,11720.462,11217.821,10764.135,10548.993,10228.948,10146.321,10015.129,10008.763,10313.429,11160.564,11886.508,11902.176,11731.214,11275.138,10533.603,9901.546
9400.259,9129.192,8970.435,8952.123,9336.63,10095.26,11316.301,11736.227,11496.452,11158.37,10971.831,10784.356,10727.867,10706.869,10571.606,10550.772,10800.869,11317.931,11479.01,11214.02,10860.197,10188.792,9435.645,8668.046
8137.827,7838.35,7704.92,7707.529,7951.713,8713.769,9848.226,10488.204,10420.938,10403.686,10422.96,10419.771,10493.411,10494.83,10593.949,10740.098,11140.268,11819.676,12229.288,12199.022,11980.193,11462.478,10887.245,10223.458
9922.991,9845.597,9922.702,10165.466,10683.149,11645.047,13117.698,13792.773,13644.744,13457.226,13262.273,12830.558,12260.528,11753.104,11414.063,11329.898,11542.285,12444.044,13168.847,13233.676,13123.364,12958.563,12649.962,12252.844
12004.93,11980.421,12008.37,12132.834,12524.546,12996.594,13597.922,14200.963,14221.229,13606.253,12803.886,12201.053,11658.222,11122.938,10738.037,10564.073,10726.201,11662.099,12558.323,12765.663,12785.225,12655.961,12384.954,12034.72
11712.262,11522.277,11479.67,11547.176,11686.773,11977.858,12413.932,12822.87,13191.776,13260.021,13020.165,12670.175,12435.268,12272.859,12138.541,12159.389,12451.598,13058.104,13181.127,12777.611,12610.26,12404.366,11990.461,11528.73
11005.839,10813.894,10837.874,11000.038,11503.767,12469.807,13911.772,14392.338,13676.674,12768.675,12143.606,11611.54,11249.3,10977.171,10925.603,11133.456,11524.35,12297.94,12928.864,12955.986,12655.487,12147.134,11413.762,10738.075
10319.157,10126.411,10106.305,10160.614,10633.93,11478.573,12808.849,13342.512,13076.013,12829.96,12630.816,12332.675,12045.925,11880.51,11792.321,11950.403,12246.059,13060.156,13843.388,13790.229,13647.395,13250.924,12467.93,11910.53
11681.966,11710.18,11791.065,12045.718,12535.355,13554.601,14812.591,15298.363,14713.353,13927.642,13437.525,12839.261,12488.531,12172.042,12040.944,12267.328,12932.952,13943.597,14844.892,15046.876,14945.912,14636.171,14040.26,13567.272
13384.76,13447.071,13652.213,13907.517,14389.831,15387.721,16815.666,17129.617,16341.513,15663.65,15064.595,14584.15,14144.458,13751.799,13492.278,13359.022,13759.951,14728.548,15794.397,16002.492,16022.123,15717.597,15037.831,14535.508
14269.716,14288.382,14305.556,14492.19,14952.352,15751.883,16944.849,17188.527,16511.119,15898.702,15354.842,14962.398,14649.085,14426.867,14199.02,14444.195,14742.232,15320.578,15702.468,15432.679,15163.266,14767.46,14248.562,13746.571
13476.763,13416.893,13541.665,13869.243,14225.074,14647.991,15378.724,15952.447,16116.317,16061.314,15696.535,15145.053,14766.403,14343.064,14067.226,14057.577,14471.581,15477.201,16551.174,16820.661,16969.057,16918.236,16749.857,16425.637
16295.353,16335.71,16561.766,16797.561,17035.925,17425.173,17838.239,18130.95,17740.721,17032.577,16315.481,15592.237,14969.147,14329.348,13850.583,13719.805,14312.142,15316.339,15986.015,16087.324,15930.363,15617.766,15166.145,14828.662
14621.777,14602.581,14677.965,14788.287,15091.228,15555.389,15945.95,16143.185,16259.992,16411.814,16392.114,16223.54,15972.231,15667.575,15376.342,15186.098,15332.039,15749.42,15887.526,15544.194,14956.211,14303.154,13441.542,12704.035
12112.162,11856.409,11731.547,11724.98,11899.036,12195.317,12710.792,12896.368,12856.329,12713.609,12579.477,12204.063,11658.821,11142.951,10693.662,10514.239,10608.229,11321.97,12160.862,12298.952,12193.539,11863.25,11165.888,10591.132
10214.922,10124.421,10138.542,10406.892,10839.366,11801.052,13090.518,13572.126,13035.29,12444.154,11844.015,11288.95,10845.664,10629.779,10335.176,10423.221,10645.64,11548.697,12433.861,12626.686,12587.728,12247.755,11616.908,11056.916
10821.519,10746.715,10838.658,11172.993,11720.654,12756.542,14243.536,14667.878,13842.762,13042.159,12532.832,12058.896,11704.808,11469.275,11243.57,11145.685,11512.716,12339.365,13532.1,13693.729,13806.241,13538.803,12999.883,12507.285
12353.659,12368.705,12584.765,12857.17,13541.148,14519.566,15793.309,16030.469,15173.995,14365.353,13691.002,12955.759,12320.719,11792.563,11433.274,11362.157,11647.529,12268.831,12933.251,12855.137,12609.895,12234.074,11674.811,11105.712
10588.767,10243.496,10144.491,9978.426,10106.095,10372.731,10707.939,11057.033,11356.011,11165.671,10692.245,10302.676,9834.511,9479.982,9272.463,9080.35,9049.224,9329.106,10105.805,10115.009,9953.214,9686.946,9226.466,8792.319
8382.787,8163.834,8069.835,8105.832,8256.305,8507.254,8970.89,9306.729,9588.87,9643.509,9526.347,9580.349,9528.202,9371.969,9403.211,9429.3,9645.341,10079.903,10591.51,10582.828,10248.107,9795.661,9198.137,8537.634
8129.557,7956.069,7922.969,8077.143,8497.38,9436.561,10787.635,11275.154,10918.165,11125.801,10953.734,10743.058,10517.205,10356.263,10268.708,10331.695,10562.575,11128.178,12006.718,12005.343,11693.422,11184.942,10546.526,9832.377
9413.623,9206.565,9172.182,9219.107,9593.796,10485.242,11754.765,12278.921,12070.196,11995.985,11911.427,11726.669,11683.221,11632.452,11579.43,11623.388,11887.116,12308.39,12755.571,12592.537,12250.864,11627.786,10847.604,10138.579
9702.588,9483.16,9405.454,9450.39,9752.439,10549.051,11732.374,12152.921,11936.34,11691.827,11530.984,11332.564,11094.431,10876.752,10621.287,10605.804,10596.503,10825.704,11030.131,10875.811,10488.49,9993.411,9247.801,8615.061
8165.661,7987.525,7916.457,8130.787,8649.19,9661.058,11021.355,11474.403,11440.792,11317.928,11507.478,11344.372,11266.446,11173.432,11113.426,11213.209,11453.587,11991.352,12665.654,12698.499,12526.902,12057.176,11430.097,10777.452
10329.648,10181.836,10135.152,10325.935,10751.378,11735.418,12949.139,13373.424,12891.999,12327.21,12046.631,11795.599,11452.878,11200.392,10975.253,10831.302,11065.475,11792.403,12791.364,13051.903,12996.526,12705.583,12406.953,11995.174
11680.033,11628.958,11704.751,11834.183,12143.898,12628.684,13249.047,13609.48,13341.574,12666.919,12038.928,11498.369,10967.703,10447.614,10070.446,9847.91,9958.405,10527.404,11545.158,11829.764,11923.139,11796.586,11497.975,11132.663
10856.634,10759.479,10776.944,10854.395,11056.519,11364.84,11809.747,12004.179,11631.557,10992.362,10321.768,9802.607,9444.121,9103.427,8874.223,8804.759,8911.31,9359.907,10284.688,10534.668,10365.131,9904.985,9308.421,8707.422
8356.795,8220.832,8204.927,8331.847,8722.853,9542.058,10801.578,11126.929,10756.413,10362.825,10084.472,9883.133,9591.506,9442.285,9364.498,9297.677,9349.298,9633.276,10427.76,10656.946,10493.974,9995.102,9431.629,8810.676
8481.73,8529.908,8558.612,8884.882,9456.752,10441.754,11773.99,11975.361,11149.631,10422.364,10077.229,9844.561,9623.455,9555.834,9542.44,9448.275,9514.922,9845.237,10541.829,10660.349,10420.793,9792.58,8988.01,8315.108
7901.358,7590.84,7513.864,7529.365,7867.401,8790.261,10196.69,10789.734,10703.119,10549.596,10461.325,10453.493,10331.449,10177.605,10096.888,10099.489,10387.874,11142.177,12348.666,12732.008,12760.868,12371.659,11753.933,11214.24
10959.042,10952.443,11006.662,11333.299,11925.107,12870.829,14232.234,14372.587,13482.358,12744.022,12140.841,11683.179,11280.782,11085.53,11110.63,11417.966,12045.805,12650.903,13372.556,13422.566,13195.352,12640.096,12051.611,11478.476
11173.502,11052.429,11120.262,11255.629,11595.81,12336.822,13380.639,13837.75,13740.7,13589.738,13388.097,13147.313,12769.684,12421.042,12151.827,12062.09,12222.82,12628.933,13118.44,13048.266,12846.45,12476.215,11900.438,11348.248
10966.341,10860.295,10812.993,10939.078,11218.756,11627.755,12128.525,12535.923,12656.577,12442.261,11974.377,11413.086,11034.705,10680.184,10497.733,10505.087,10698.176,11086.644,11808.782,12050.493,11905.367,11653.97,11174.15,10714.909
10337.738,10131.042,10071.643,10100.178,10325.547,10703.301,11109.528,11529.946,11602.203,11413.364,10928.223,10514.801,10110.841,9856.644,9643.743,9563.162,9672.04,10180.079,11207.884,11645.685,11646.178,11369.402,10924.019,10519.105
10389.189,10526.746,10597.633,10932.787,11404.073,12384.136,13436.113,13534.461,12435.599,11591.287,11049.751,10645.278,10305.14,10029.728,9851.793,9655.689,9803.234,10040.605,10842.675,11055.659,10874.382,10250.321,9354.82,8741.07
8175.65,7994.555,7989.546,8048.909,8443.763,9264.626,10427.693,10809.307,10452.933,9936.279,9717.358,9489.81,9587.6,9662.288,9647.3,9622.736,10305.649,9864.312,10391.303,10575.244,10288.328,9595.043,8731.623,8156.027
7583.367,7332.733,7298.562,7389.666,7738.661,8592.954,9853.527,10076.528,9835.731,9619.892,9682.058,9800.436,9805.249,9929.709,9944.36,9964.82,10139.087,10241.036,10697.391,10750.08,10408.458,9776.258,8973.097,8189.796
7636.612,7297.391,7146.184,7198.955,7330.212,8078.042,9048.41,9552.718,9607.373,9760.192,9845.122,10057.024,10085.277,10168.56,10152.886,10318.607,10373.748,10427.206,10915.22,11006.136,10622.151,10001.656,9262.35,8440.106
8013.284,7596.689,7463.521,7441.331,7613.554,8147.912,9048.951,9574.96,9734.245,9818.14,9912.939,9972.105,9967.452,10005.349,10017.334,9994.624,9936.669,9933.698,10190.058,10158.54,9798.558,9335.655,8700.909,8046.442
7548.903,7213.315,7095.866,6995.354,7051.039,7302.929,7653.219,8210.907,8852.924,9181.627,9307.185,9259.245,9097.427,8932.899,8810.507,8731.002,8775.552,8940.696,9565.21,9682.954,9386.542,9072.096,8612.213,8058.993
7610.314,7391.102,7923.629,7204.907,7186.29,7167.952,7574.696,7362.483,7975.933,8598.678,8765.793,8808.097,8983.618,8988.033,8989.932,8965.971,9131.357,9329.599,9624.584,9709.075,10029.062,9687.649,9010.178,8527.232
7548.873,7237.219,7104.245,7180.291,7370.736,8081.412,9246.475,9979.305,10050.818,10032.775,10034.265,10050.122,9993.783,9911.278,9841.106,9759.273,9810.704,9977.711,10255.116,10674.374,10640.417,10069.619,9338.153,8594.381
8073.377,7709.122,7637.082,7613.563,7939.939,8570.257,9804.826,10536.988,10432.374,10327.074,10206.291,9967.16,9780.155,9622.319,9397.916,9272.827,9421.811,9436.201,9602.356,10107.823,10356.149,9872.165,9061.518,8295.408
7790.422,7470.059,7404.517,7462.613,7712.035,8429.864,9744.942,10191.953,9939.259,9656.95,9555.349,9541.22,9579.083,9757.464,9912.26,10049.774,10207.863,10413.828,10398.362,10675.681,10754.12,10157.245,9222.137,8309.208
7659.189,7307.571,7141.163,7089.025,7340.291,8009.113,9240.293,9915.729,9696.985,9528.503,9549.764,9596.178,9558.063,9497.994,9544.791,9497.837,9556.789,9582.486,9629.319,10104.542,10246.976,9725.139,8954.638,8212.35
7664.17,7379.671,7292.513,7345.613,7629.75,8388.047,9652.547,10347.645,10179.331,9831.204,9607.936,9520.585,9381.327,9256.728,9225.242,9098.656,9188.936,9130.437,9111.599,9421.99,9548.538,9225.206,8824.293,8268.586
7844.584,7611.759,7511.508,7552.179,7646.262,8006.015,8509.718,9111.679,9752.209,10165.621,10330.901,10245.479,10199.405,10090.491,10012.081,10048.668,10270.39,10599.805,10834.747,11219.932,11142.518,10835.42,10443.302,9947.349
9519.635,9228.362,9116.464,9075.714,9158.079,9369.983,9751.813,10230.251,10747.949,11081.181,11131.361,11052.303,10965.257,10871.368,10745.001,10764.407,10847.44,11126.578,11431.045,11872.417,11811.267,11438.056,10761.547,10162.094
9715.894,9547.666,9522.661,9616.832,9947.875,10753.993,12065.978,12614.315,12340.944,11907.398,11514.224,11122.198,10840.909,10558.754,10245.312,9998.502,9901.994,9957.87,10217.686,11024.737,11404.188,11190.499,10567.362,9982.303
9700.291,9659.695,9797.459,10079.457,10538.923,11500.498,12793.939,13205.505,12573.645,11770.042,11122.193,10686.864,10207.112,9898.908,9608.013,9366.948,9355.368,9473.19,9596.784,10210.934,10468.097,10082.678,9318.126,8709.051
8276.887,7963.548,7912.913,7937.347,8262.519,9008.961,10216.082,10553.727,10301.464,9939.612,9691.079,9427.901,9362.604,9321.575,9265.407,9286.509,9298.245,9395.815,9455.308,9863.061,10081.185,9570.76,8791.299,7947.629
7341.375,7147.44,7044.802,7055.141,7270.835,7933.214,9029.927,9543.503,9476.118,9347.05,9303.528,9315.81,9385.772,9466.926,9527.325,9635.453,9764.037,9823.298,9744.736,10029.357,10249.296,9758.602,9007.57,8213.439
7574.099,7167.096,6966.019,6888.349,7022.622,7547.371,8392.95,8931.221,9168.272,9384.06,9524.109,9623.387,9641.735,9704.904,9745.482,9733.429,9781.139,9756.433,9591.873,9660.94,9740.436,9313.849,8695.658,7993.978
7436.72,7092.476,6892.614,6822.273,6913.209,7167.356,7628.63,8164.453,8766.903,9044.817,9040.186,8879.884,8667.248,8442.591,8312.171,8311.224,8363.391,8522.687,8703.847,9142.634,9323.205,9088.852,8636.827,8080.007
7574.295,7255.173,7086.327,7043.056,7119.385,7343.099,7727.937,8163.364,8734.552,9137.039,9182.08,9057.796,9012.425,8911.758,8757.665,8713.508,8748.837,8858.505,9053.607,9477.061,9543.601,9195.942,8645.132,8209.031
7581.301,7340.796,7218.201,7230.701,7457.416,8068.929,8974.425,9403.139,9562.53,9559.709,9522.422,9432.262,9366.089,9330.149,9279,9201.795,9197.266,9237.522,9288.307,9624.559,9841.146,9378.01,8669.876,7936.186
7455.453,7193.134,7139.151,7208.425,7549.575,8278.375,9414.883,9966.761,9918.2,9716.804,9594.144,9442.037,9268.141,9183.192,9045.143,8957.855,8963.039,9059.36,9176.66,9577.558,9944.851,9540.681,8875.488,8247.742
7912.426,7803.684,7831.85,8009.567,8444.556,9321.082,10526.569,11087.052,10739.771,10212.294,9846.441,9514.407,9369.28,9230.399,9094.069,9008.032,9005.834,9096.981,9233.325,9690.62,9986.411,9534.373,8850.04,8167.368
7655.106,7439.75,7291.796,7290.993,7602.951,8224.562,9188.695,9599.895,9538.378,9458.871,9454.092,9431.91,9444.184,9491.585,9476.794,9497.621,9511.557,9594.398,9635.456,9976.674,10118.77,9703.718,8958.245,8295.527
7706.195,7366.944,7187.391,7153.326,7292.153,7805.027,8672.343,9309.237,9574.064,9800.814,9980.881,10021.085,10009.658,10222.203,10369.65,10580.591,10655.538,10502.052,10325.215,10436.837,10474.32,10127.716,9478.351,8764.271
8071.399,7615.532,7284.669,7101.312,7067.402,7207.523,7489.119,7884.542,8408.722,8899.739,9130.297,9101.905,8956.2,8752.093,8611.395,8514.877,8524.752,8631.817,8734.156,9067.201,9369.407,9088.021,8627.203,8080.16
7652.954,7431.203,7398.708,7500.385,7732.899,8120.86,8616.901,9185.157,9680.221,9905.022,9813.566,9557.209,9335.225,9038.656,8767.343,8575.523,8547.895,8687.503,8909.414,9449.771,10008.061,9762.297,9135.536,8501.279
8059.673,7849.842,7881.77,7963.307,8300.888,9105.832,10280.812,10614.717,10216.067,9900.97,9729.028,9570.288,9456.094,9430.28,9344.606,9319.457,9409.748,9569.799,9705.173,10047.788,10204.383,9585.83,8863.347,8120.932
7610.791,7455.316,7471.642,7661.366,8086.504,9207.019,10751.861,11624.654,11743.752,11710.322,11498.106,11268.722,11012.944,10735.828,10402.472,10245.69,10191.041,10285.982,10533.015,11289.834,11968.753,11720.763,11136.863,10597.776
10280.454,10259.874,10374.311,10601.027,11102.128,12058.485,13344.902,13600.62,12714.868,11723.844,11121.903,10649.009,10295.713,10243.338,9800.595,9563.808,9533.919,9703.635,9917.544,10462.601,10724.579,10319.988,9583.068,8779.445
8313.218,8024.764,7871.447,7892.256,8127.827,8743.214,9892.878,10353.481,10380.313,10354.715,10219.261,9954.918,9778.828,9570.494,9386.293,9306.313,9415.361,9507.46,9595.674,9920.906,10232.228,9888.719,9253.057,8560.756
8185.581,8009.916,8047.949,8188.01,8569.086,9361.209,10683.885,11184.632,10892.889,10641.867,10362.178,10164.739,9876.604,9708.427,9384.069,9254.952,9280.482,9340.41,9348.302,9712.742,10225.234,9967.177,9559.106,9111.057
8750.932,8587.95,8442.717,8411.907,8522.648,8832.033,9409.931,9858.737,10196.368,10503.164,10744.383,10697.916,10389.652,10116.073,9912.76,9770.919,9855.631,10051.004,10070.198,10631.192,11108.623,11041.862,10675.833,10256.337
10132.597,10096.964,10118.448,10268.545,10514.218,10907.447,11380.731,11561.281,11447.906,11095.812,10670.597,10219.556,9867.104,9520.776,9204.122,8970.246,8932.418,9092.678,9369.017,9974.845,10597.479,10342.244,9703.67,9027.944
8596.617,8376.495,8284.851,8386.376,8753.476,9444.817,10698.325,11118.698,10828.887,10520.67,10205.555,9863.405,9610.773,9522.369,9407.76,9408.74,9462.652,9628.522,9595.095,9898.029,10364.05,9875.491,9010.781,8170.486
7583.826,7301.79,7155.271,7104.57,7260.167,7890.337,9077.722,9603.064,9748.774,9703.103,9767.828,9769.6,9719.332,9678.565,9602.659,9665.25,9671.412,9766.184,9824.516,9971.041,10325.233,9874.801,9073.795,8419.089
7913.864,7721.999,7769.33,7882.872,8278.983,9164.332,10501.114,10976.508,10552.754,10226.297,9974.397,9799.259,9615.375,9447.832,9341.056,9315.413,9364.705,9437.853,9538.494,9919.083,10480.839,10164.144,9468.424,8779.753
8455.817,8373.737,8458.117,8589.079,9069.507,9952.483,11351.169,11704.915,11037.598,10375.807,10014.364,9758.064,9595.334,9484.36,9155.481,9350.106,9344.294,9385.385,9499.198,9821.848,10337.502,10035.243,9344.134,8692.554
8244.158,8115.24,8078.984,8294.507,8621.865,9530.281,10755.631,11169.968,10731.856,10259.611,9988.186,9799.276,9548.426,9424.948,9332.467,9307.686,9272.275,9302.348,9236.715,9457.594,9917.575,9678.966,9193.765,8667.215
8303.818,8069.314,8072.593,8170.802,8424.085,8837.874,9335.672,9695.537,9677.047,9625.431,9266.98,9047.892,8863.484,8642.074,8530.429,8507.962,8616.114,8742.757,8789.262,9068.401,9455.259,9216.747,8770.999,8249.209
7826.525,7611.126,7547.788,7627.217,7797.501,8114.014,8471.689,8916.593,9087.919,9079.018,8919.164,8781.036,8705.808,8602.455,8578.031,8616.743,8764.644,9070.481,9224.167,9455.131,9880.259,9496.641,8767.186,7981.235
7513.384,7280.558,7185.264,7311.75,7619.241,8411.047,9581.645,10000.635,9816.783,9669.884,9674.963,9759.713,9879.301,10149.529,10330.703,10569.577,10818.041,11031.195,11074.374,11106.17,11222.585,10541.712,9451.028,8470.858
7774.717,7310.222,7088.2,7042.947,7117.717,7728.582,8772.328,9297.751,9430.317,9571.646,9810.5,10122.002,10413.594,10713.012,10883.205,11084.969,11206,11264.058,11087.189,10971.654,11216.648,10490.323,9397.907,8366.731
7654.93,7240.95,7007.426,6918.607,7098.624,7628.161,8656.429,9198.124,9265.11,9258.87,9317.299,9362.253,9406.519,9432.682,9536.721,9627.963,9923.659,10086.658,10053.687,10003.056,10053.152,9763.304,8926.174,7872.804
7516.366,7242.941,7146.321,7078.152,7359.81,8061.519,9171.587,9606.626,9627.139,9608.356,9558.604,9527.575,9543.575,9651.804,9823.88,9892.488,9980.372,10075.834,10074.039,10262.726,10590.211,10150.434,9296.376,8441.777
7840.967,7446.375,7195.813,7149.823,7245.282,7797.819,8837.666,9388.564,9601.846,9766.38,10038.531,10234.77,10273.971,10214.825,10168.99,10109.853,10053.603,10013.57,9847.096,9849.474,10024.159,9671.854,9087.088,8327.957
7795.151,7390.707,7179.662,7026.596,7053.73,7174.071,7438.655,7839.543,8488.837,8930.959,9193.065,9300.405,9253.552,9192.442,9148.343,9174.173,9241.252,9340.779,9277.946,9177.387,9512.657,9166.965,8621.902,7952.832
7393.835,7037.333,6865.737,6800.215,6844.001,7033.591,7237.698,7693.744,8156.096,8424.633,8480.957,8491.996,8433.884,8461.471,8468.164,8590.466,8801.405,9062.713,9194.633,9277.517,9735.249,9370.31,8568.026,7789.809
7244.786,6966.073,6817.432,6957.512,7200.962,7917.245,8971.429,9447.193,9403.671,9389.313,9526.841,9668.739,9855.258,10103.093,10314.879,10572.469,10766.926,10870.159,10845.886,10804.02,11110.996,10593.128,9560.372,8634.126
7942.892,7535.75,7292.549,7164.264,7287.818,7858.824,8791.467,9403.049,9605.335,10022.139,10418.744,10711.108,10996.159,11252.746,11575.347,11908.058,12130.425,12230.28,12099.612,11894.882,12045.423,11367.042,10249.148,9213.714
8422.14,7947.759,7628.941,7498.966,7571.733,8089.732,9038.298,9604.508,9765.402,9914.087,10140.718,10148.667,10201.889,10287.245,10339.702,10345.447,10323.366,10262.299,10176.225,10182.118,10269.614,9704.208,8829.021,7986.561
7409.828,7082.828,6912.29,6857.436,7064.049,7682.292,8726.239,9312.486,9444.741,9505.135,9619.009,9616.111,9549.255,9515.173,9514.89,9462.149,9597.942,9766.055,9882.324,9982.825,10034.742,9576.014,8768.268,8067.289
7540.922,7268.007,7142.534,7118.82,7356.137,7983.638,9066.502,9621.403,9716.791,9792.891,9846.55,9749.04,9677.097,9569.461,9482.378,9502.201,9405.995,9464.342,9422.311,9561.217,9736.175,9411.022,8842.389,8224.497
7599.565,7354.036,7159.468,7051.958,7138.465,7340.529,7654.521,8147.541,8695.162,9040.227,9238.478,9153.41,9053.554,8859.089,8690.178,8664.953,8665.413,8809.599,8939.62,9145.443,9416.265,9173.574,8696.04,8152.663
7658.264,7353.632,7209.966,7132.41,7145.584,7265.921,7525.505,7908.96,8446.57,8882.023,9022.811,9037.27,9056.031,9045.881,8995.353,8976.733,9073.815,9228.958,9363.545,9619.887,9944.614,9578.949,8824.916,8086.177
7555.196,7254.421,7095.797,7111.323,7326.873,7966.998,8938.3,9554.883,9632.711,9813.502,10014.018,10226.736,10499.368,10846.649,11133.794,11450.214,11785.333,11892.195,11810.033,11770.685,11677.541,10817.094,9732.592,8818.176
8170.724,7720.309,7501.378,7415.744,7539.492,8094.372,9128.911,9744.97,9882.659,9971.815,10105.439,10204.199,10317.582,10474.44,10609.094,10673.326,10787.601,10898.556,10750.206,10677.274,10786.169,10221.207,9288.465,8425.123
7765.098,7393.679,7177.168,7113.699,7249.778,7835.62,8764.592,9365.416,9482.492,9533.983,9575.408,9625.734,9540.817,9567.334,9562.09,9604.233,9625.376,9718.425,9818.072,9798.329,10091.258,9702.586,8898.305,8054.694
7525.101,7180.567,7042.343,7025.741,7202.642,7902.853,8983.069,9563.444,9709.957,9792.999,9843.276,9844.771,9791.354,9731.26,9721.376,9681.035,9827.031,9976.597,10042.609,10187.027,10358.285,9921.653,9145.794,8444.962
7918.454,7646.68,7501.325,7482.55,7654.369,8336.027,9385.813,9862.301,9919.457,10009.878,10025.372,9899.453,9781.835,9687.753,9524.716,9464.356,9509.452,9545.581,9501.031,9517.353,9825.901,9598.87,9079.825,8519.368
8004.486,7697.898,7495.655,7442.385,7521.301,7790.275,8077.922,8465.18,8854.671,9041.555,8940.195,8948.228,8862.94,8762.023,8546.196,8501.209,8541.467,8649.998,8773.63,8902.508,9262.138,9124.654,8562.626,8030.526
7522.123,7209.119,7019.164,6927.353,6901.336,7065.466,7235.911,7695.836,8240.152,8577.577,8797.556,8833.407,8917.347,8998.001,9010.743,9073.881,9186.563,9211.214,9221.321,9318.054,9709.097,9503.826,8714.677,7908.455
7332.105,7053.94,6890.267,6910.856,7147.309,7815.201,8754.916,9378.209,9474.556,9547.871,9723.043,9820.19,9908.183,9988.715,10032.32,10150.193,10216.161,10167.072,10171.916,10269.211,10554.728,10098.027,9162.504,8281.742
7659.25,7337.69,7219.458,7144.04,7325.745,7952.649,8984.601,9523.294,9536.89,9589.223,9653.406,9747.574,9755.503,9787.71,9859.451,9881.162,9971.185,9975.179,9920.09,9965.224,10220.075,9870.694,9089.173,8273.945
7689.257,7304.99,7193.632,7167.173,7321.598,8000.452,9007.472,9573.258,9677.793,9684.256,9787.081,9862.728,9995.792,10002.578,10210.297,10288.697,10367.261,10406.468,10418.714,10359.698,10521.941,10103.274,9239.235,8446.088
7787.121,7468.716,7298.414,7195.811,7460.657,8012.543,9009.429,9571.383,9776.841,9903.617,9941.707,9998.54,10048.316,10113.329,9878.076,10110.892,10232.845,10283.147,10218.144,10259.606,10560.302,10173.982,9371.582,8512.444
7915.927,7558.043,7342.667,7260.606,7408.105,7997.839,9018.289,9754.493,9983.141,10175.565,10395.175,10522.534,10542.92,10540.154,10511.596,10507.344,10702.902,10746.537,10612.729,10398.001,10422.99,10157.61,9475.102,8628.769
7953.921,7444.525,7177.862,7089.584,7044.666,7214.779,7397.042,7918.384,8473.314,8922.715,9261.515,9576.819,9743.057,9906.841,10018.136,10014.414,9983.953,9904.671,9790.149,9579.96,9599.573,9441.7,8809.999,8138.664
7557.01,7198.332,6998.295,6899.701,6922.109,7084.928,7203.572,7680.25,8199.884,8504.959,8634.612,8678.509,8685.485,8620.288,8522.593,8545.856,8638.785,8844.568,9000.275,9166.599,9529.648,9370.443,8717.868,8033.451
7555.211,7334.698,7307.127,7352.614,7711.866,8467.479,9564.67,10019.614,9727.775,9642.827,9569.647,9535.523,9471.901,9436.106,9432.79,9452.081,9546.774,9662.421,9677.996,9749.868,10087.471,9782.152,8994.769,8113.05
7531.878,7224.792,7058.642,7003.061,7249.325,7910.741,8918.288,9565.297,9742.765,9869.535,10014.552,10015.634,10031.43,9987.047,9939.177,9920.019,9971.089,10050.504,10103.347,10094.942,10232.393,9869.938,9060.092,8223.438
7729.447,7421.785,7268.185,7285.764,7485.224,8165.899,9146.627,9690.317,9853.934,9892.509,9907.305,9903.103,9779.234,9766.782,9713.33,9693.483,9746.866,9837.182,9799.554,9884.647,10151.739,9778.598,9026.811,8209.973
7635.218,7376.525,7220.025,7227.909,7423.432,8084.983,9056.67,9549.313,9611.431,9645.968,9639.082,9610.656,9565.263,9611.539,9613.51,9625.819,9680.738,9702.756,9837.001,9823.145,10092.626,9852.121,9080.017,8217.699
7543.024,7328.533,7138.721,7133.18,7363.765,8004.154,8899.257,9476.613,9550.756,9609.237,9752.326,9809.625,9915.064,9974.071,10009.467,10169.451,10286.161,10203.31,9936.571,9690.536,9882.909,9700.512,9036.749,8387.199
7724.059,7346.009,7114.738,6987.78,7026.65,7161.639,7373.139,7919.163,8530.063,9047.21,9332.891,9421.071,9389.026,9280.078,9165.822,9072.856,9039.218,9105.132,9080.291,9224.277,9469.032,9261.107,8771.069,8159.346
7805.33,7275.986,7037.235,6948.892,6866.993,6999.148,7156.452,7610.318,8207.535,8699.449,8935.463,8999.122,9056.047,9057.878,9008.255,8997.137,9066.413,9213.194,9247.358,9481.259,9730.397,9465.522,8791.123,8028.095
7522.693,7236.703,7073.41,7072.125,7334.108,8004.005,8980.14,9582.494,9692.969,9856.235,9932.926,9942.501,9936.295,9961.737,9926.935,9967.901,9974.57,9987.931,9999.834,9973.676,10192.647,9927.432,9055.528,8244.265
7607.209,7333.597,7169.21,7170.198,7371.285,7924.627,8902.84,9426.137,9566.426,9739.468,9964.299,10199.645,10393.533,10653.626,10917.847,11190.823,11445.247,11687.929,11713.578,11528.368,11430.544,11063.946,9985.197,8990.268
8140.124,7691.819,7418.302,7289.647,7415.126,7966.459,8749.564,9513.665,9915.063,10404.913,10948.458,11490.39,11895.964,12322.489,12615.351,13123.412,13455.068,13606.212,13496.046,13046.862,12777.016,12208.308,10940.178,9737.579
8785.595,8206.58,7852.567,7648.115,7766.445,8303.557,9109.81,9803.299,10404.112,10967.092,11644.297,12341.151,13031.617,13666.623,14094.162,14470.915,14795.699,14825.631,14542.619,14104.137,13799.455,13365.481,12122.228,10845.485
9835.139,9137.277,8732.654,8440.575,8459.627,8942.886,9746.503,10700.717,11438.422,12115.652,12887.523,13549.559,14141.241,14683.414,15055.43,15433.83,15552.797,15446.966,14906.461,14211.793,13677.557,13201.233,12170.704,10996.052
9964.727,9250.706,8710.08,8381.732,8215.234,8130.04,8257.441,8953.812,10009.944,11000.375,11891.098,12614.81,13298.011,13711.355,14067.124,14338.738,14530.38,14468.737,14102.034,13370.431,12816.097,12385.089,11399.164,10322.797
9425.781,8767.042,8284.382,8028.397,7858.44,7812.492,7849.426,8525.922,9576.835,10706.253,11520.243,12039.764,12353.97,12485.664,12437.17,12221.356,11925.966,11795.297,11624.646,11437.658,11357.705,11055.404,10448.5,9610.765
8932.255,8459.801,8120.884,8013.955,7982.634,8084.895,8272.274,8711.367,9369.222,10246.702,10996.673,11550.584,11894.425,12165.454,12338.675,12391.118,12396.499,12432.489,12248.114,12013.627,11988.713,11713.338,10727.653,9675.11
8894.802,8334.54,8050.103,7917.902,8137.22,8673.167,9647.722,10518.066,11070.373,11658.789,12271.903,12830.826,13312.163,13837.871,14262.305,14705.061,14982.512,15134.475,14853.256,14318.187,13809.475,13192.026,11844.141,10540.766
9542.5,8864.415,8427.647,8219.357,8311.661,8780.042,9673.092,10567.555,11197.374,11891.511,12796.529,13219.401,13752.666,14154.772,14297.218,14578.419,14573.146,14431.838,14180.812,13685.086,13361.116,12809.144,11663.193,10374.048
9497.589,8829.587,8491.173,8351.788,8447.415,8999.73,9898.552,10696.496,11028.588,11333.552,11693.613,12007.33,12517.74,13128.796,13592.042,14020.366,14350.248,14247.698,13922.746,13466.892,13308.031,12781.533,11680.159,10518.871
9633.662,9056.403,8616.812,8501.608,8653.712,9208.994,10116.008,10891.768,11349.655,11825.001,12554.842,13270.97,13865.151,14329.988,14675.348,14677.789,14658.02,14408.455,13816.532,13162.367,12759.707,12326.2,11436.177,10488.765
9622.821,9017.733,8589.34,8401.613,8346.114,8492.044,8685.695,9224.506,9997.731,10685.574,11260.016,11764.992,12161.832,12493.739,12971.885,13409.11,13527.484,13389.483,13018.63,12576.431,12482.102,12165.168,11423.642,10537.571
9802.677,9244.929,8796.376,8548.198,8413.129,8396.426,8463.164,9035.516,9970.447,10830.208,11622.316,12310.781,13068.63,13630.086,14189.802,14569.264,14745.3,14506.761,14012.992,13583.495,13317.525,12679.754,11593.604,10419.857
9541.889,9017.827,8685.769,8556.939,8711.096,9149.017,10045.183,11018.775,11766.841,12448.631,13078.896,13612.31,14044.754,14558.278,14834.879,15014.339,15141.998,14950.338,14522.774,14050.838,13765.026,13319.898,12206.904,10960.905
10099.026,9527.937,9109.865,8922.319,8962.538,9411.102,10258.527,11111.518,11686.3,12184.743,12799.815,13462.36,14040.919,14440.299,14761.449,14943.826,14880.67,14843.14,14442.304,13807.051,13128.633,12606.169,11296.136,10005.733
8964.871,8386.156,8004.281,7779.335,7853.105,8239.858,9028.768,9781.292,10211.67,10577.629,10914.081,11073.795,11168.573,11421.842,11592.258,11833.675,12056.67,12127.597,11870.664,11428.797,11064.425,10746.937,9751.28,8718.527
7946.468,7473.766,7250.002,7159.363,7257.22,7712.71,8540.591,9260.876,9647.455,9980.558,10345.55,10711.944,10952.489,11322.826,11726.573,12271.212,12768.276,13006.331,12795.404,12309.549,11922.926,11629.939,10581.513,9378.65
8537.826,7896.257,7696.664,7544.659,7702.864,8139.335,8892.813,9643.533,10226.765,10566.466,10984.031,11245.548,11675.494,12056.707,12559.681,12959.552,13350.647,13587.028,13382.972,12742.729,12215.783,11858.939,10983.494,10007.561
9158.32,8568.08,8142.167,7913.913,7726.958,7813.197,7982.035,8760.099,9764.144,10748.207,11775.276,12724.432,13693.108,14458.451,15208.83,15762.345,16094.402,16290.118,16144.984,15624.658,14947.568,14438.816,13396.569,12267.23
11222.19,10426.19,9848.414,9499.449,9232.102,9111.851,9188.613,9886.175,11188.386,12563.026,13759.6,14635.215,15313.166,15755.044,16030.072,16118.476,16125.6,15982.195,15482.075,14904.31,14199.676,13593.291,12275.491,10799.763
9638.346,8827.882,8406.653,8104.418,8147.195,8524.145,9151.966,9892.772,10478.772,10827.901,11228.922,11656.253,12045.486,12394.018,12823.688,13341.735,13785.095,14019.646,13825.014,13414.612,12750.768,12316.722,11248.986,9971.37
9091.889,8534.661,8214.623,8071.281,8161.989,8576.872,9359.28,10178.619,10723.112,11226.68,11716.224,12177.459,12574.227,13051.976,13432.994,13866.814,14179.796,14242.589,13912.413,13353.342,12756.96,12236.423,11188.2,10000.191
9033.134,8498.96,8161.76,8058.068,8164.846,8667.733,9457.096,10084.649,10549.407,11039.605,11603.436,12108.86,12705.586,13456.22,13998.889,14391.993,14772.943,14983.631,14714.034,14261.191,14006.141,13613.548,12513.916,11324.012
10394.084,9802.226,9348.66,9118.261,9284.371,9794.156,10495.692,11462.902,12057.204,12605.555,13329.954,14034.343,14562.874,15110.205,15761.684,16152.614,16368.104,16406.981,15967.379,15306.185,14596.549,13364.821,11657.012,10510.438
9599.206,8943.681,8568.926,8299.53,8371.659,8732.362,9317.877,9998.222,10497.098,10842.488,11041.523,11328.822,11508.629,11629.35,11808.126,11922.848,12117.193,12220.002,11969.824,11560.746,11183.383,10999.334,10337.841,9465.688
8669.66,8116.903,7797.539,7556.688,7429.57,7552.761,7717.29,8332.298,9215.681,9981.236,10546.043,11087.762,11429.24,11723.906,12016.738,12347.885,12533.851,12655.227,12437.821,11912.884,11380.089,11036.855,10275.705,9356.832
8515.882,7947.523,7576.256,7382.296,7283.851,7250.848,7296.069,7876.022,8743.543,9607.966,10310.479,11024.049,11547.682,12141.258,12658.182,13177.056,13588.123,13789.518,13671.833,13133.642,12554.856,12141.225,11119.311,10018.347
9049.775,8408.525,8004.949,7853.425,7976.459,8314.16,8969.476,9873.032,10697.811,11472.794,12353.244,13051.644,13747.739,14410.102,14924.694,15352.399,15717.149,15813.225,15573.36,15050.896,14354.859,13742.097,12543.943,11253.236
10260.796,9484.724,9122.174,8949.475,9021.547,9463.952,10203.943,11093.565,11849.318,12470.035,13166.043,14028.221,14773.75,15299.593,15426.568,15229.319,14958.321,14735.464,14377.339,14012.515,13660.257,13259.857,12287.757,11198.919
10288.001,9684.972,9301.38,9128.703,9139.208,9558.449,10200.018,11171.008,11943.815,12701.336,13321.897,13701.251,14045.757,14423.798,14641.14,14650.23,14636.714,14442.533,14283.116,14153.275,13738.042,13298.62,12240.915,11114.226
10176.583,9570.38,9228.204,9033.425,9193.323,9772.682,10505.27,11078.556,11538.636,11891.122,12169.073,12508.561,13210.594,13497.773,13457.657,13529.106,13568.283,13209.741,13013.865,12728.478,12588.037,12215.336,11306.996,10306.16
9398.907,8897.77,8658.533,8464.185,8614.181,8985.248,9613.559,10505.168,11349.021,12053.4,12878.902,13576.822,14074.886,14487.699,14868.633,15204.347,15427.551,15383.729,14855.468,14206.914,13757.084,13374.588,12302.555,11233.339
10231.091,9627.944,9232.993,8952.042,8886.534,8937.606,9073.035,9541.376,10288.418,10977.491,11619.012,12110.298,12451.567,12688.206,13050.758,13338.049,13629.649,13744.795,13529.358,12986.876,12404.532,12067.95,11211.337,10281.139
9284.535,8655.388,8278.23,7975.903,7817.421,7835.457,7819.338,8393.186,9397.487,10299.952,11092.4,11765.559,12351.662,12851.379,13270.84,13663.082,13919.564,14122.222,13902.682,13297.232,12648.037,12236.766,11286.415,10149.882
9230.888,8665.927,8333.163,8176.137,8286.826,8657.131,9326.537,10168.582,10850.121,11668.417,12530.471,13341.751,14145.437,14882.132,15412.906,15759.803,15976.83,15882.283,15469.861,14929.223,14540.385,14031.685,12887.96,11653.397
10630.483,10061.818,9652.389,9420.714,9554.801,9971.738,10616.812,11290.848,11879.767,12465.396,13169.731,13684.413,13872.208,14180.991,14483.662,14889.81,15127.385,15077.664,14464.986,13833.543,13333.957,12786.439,11712.824,10539.396
9663.294,8992.628,8607.066,8438.588,8518.161,8933.729,9588.518,10462.491,11214.719,11887.585,12612.785,13298.112,13851.247,14318.131,14690.788,15006.152,15272.979,15296.701,14896.242,14253.573,13444.216,12954.7,11757.738,10522.772
9563.478,8904.704,8547.839,8324.443,8373.521,8759.939,9342.819,10142.316,11005.57,11633.943,12350.266,12937.931,13496.366,13994.592,14311.136,14605.074,14817.68,14855.915,14591.837,14048.622,13561.787,13066.133,11994.102,10783.093
9854.353,9183.243,8831.311,8640.046,8690.563,9072.45,9677.674,10467.77,11250.359,12107.837,12945.439,13803.141,14496.757,14984.075,15328.662,15590.01,15621.616,15967.965,14875.863,14254.013,13495.884,13007.399,12052.854,10974.981
9957.186,9323.143,8844.561,8569.268,8437.682,8429.297,8500.83,9162.265,10118.035,10992.414,11703.645,12234.544,12613.797,12907.972,13170.772,13461.517,13630.77,13686.109,13303.037,12607.909,12130.682,11814.169,11090.746,10234.843
9494.619,8932.472,8535.762,8271.104,8196.929,8165.454,8153.667,8490.543,8970.489,9411.688,9747.73,9995.167,10162.557,10315.81,10262.888,10193.333,10187.099,10229.993,10157.738,10064.841,10078.411,10085.638,9680.814,9069.732
8429.439,8015.78,7797.251,7666.555,7703.307,7872.356,7988.581,8310.067,8930.591,9612.898,10119.094,10452.132,10714.53,10719.458,10752.84,10849.119,11013.626,11214.407,11224.452,11201.717,11271.753,11077.442,10724.358,10065.624
9388.084,8945.583,8656.887,8657.193,8873.815,9364.162,10040.839,10891.527,11847.564,12833.228,13809.076,14678.439,15365.991,15967.186,16507.642,16856.729,17015.591,16980.851,16781.474,16298.444,15735.775,15105.037,13900.129,12644.552
11613.661,10831.794,10267.804,9938.999,9969.423,10368.981,11017.466,11864.232,12890.926,13893.503,15037.185,15952.511,16674.442,17126.384,17502.727,17568.466,17698.836,17477.917,17208.662,16643.655,16002.182,15459.275,14172.686,12891.182
11801.039,11013.229,10433.862,10167.903,10140.293,10531.868,11194.587,12076.508,13101.818,14045.612,15185.072,16143.246,16865.26,17428.673,17650.869,17717.235,17758.701,17667.67,17471.433,16929.354,16290.216,15609.354,14307.399,12930.804
11810.168,11001.654,10460.443,10094.002,10063.003,10447.172,10936.287,11790.368,12726.145,13767.707,14815.786,15784.2,16486.924,16973.081,17217.867,17106.08,17139.51,17208.957,17070.566,16400.87,15674.436,15101.178,14056.092,12854.812
11758.72,10914.101,10304.21,9837.431,9622.691,9584.685,9647.062,10314.306,11396.114,12560.842,13650.39,14609.35,15314.047,15718.75,15985.113,16240.379,16425.969,16465.169,16251.659,15742.766,15029.307,14491.531,13436.116,12261.231
11144.525,10285.7,9675.137,9210.875,8969.231,8868.169,8862.268,9446.084,10485.355,11568.52,12437.105,13131.539,13694.853,14155.966,14590.184,14966.757,15323.92,15497.858,15316.968,14776.208,14106.311,13667.917,12524.671,11298.587
10227.429,9581.471,9174.535,8898.562,8958.3,9369.768,9890.833,10861.595,11830.633,12764.73,13533.32,14307.149,14894.737,15357.221,15753.63,16100.688,16370.358,16357.603,16104.224,15469.484,14722.316,14158.015,12889.522,11637.893
10619.386,9935.733,9550.746,9311.59,9338.756,9814.497,10488.897,11249.472,12038.722,12804.874,13831.431,14666.837,15291.327,15795.565,16110.98,16422.342,16558.381,16576.417,16328.356,15629.859,15011.694,14480.266,13404.554,12234.736
11277.455,10575.498,10202.883,10007.265,10031.565,10553.972,11121.539,11904.323,12556.362,13285.558,14315.788,15183.362,15927.168,16575.295,17126.589,17353.154,17544.876,17479.556,17076.752,16542.114,15971.433,15417.587,14142.37,12771.315
11684.937,10961.993,10407.515,10070.79,10040.311,10430.026,11049.051,12066.722,13133.506,14380.072,15679.867,16779.928,17497.864,18065.291,18412.591,18589.645,18747.413,18749.708,18444.791,17983.674,17281.948,16670.868,15331.672,13908.817
12767.847,11860.201,11206.021,10826.626,10769.349,11077.032,11577.586,12331.869,13365.321,14332.636,15104.323,15812.744,16604.724,17281.923,17588.117,17567.391,17641.044,17565.373,16870.961,16136.194,15463.6,14802.484,13722.276,12526.656
11394.387,10603.52,10060.938,9747.388,9533.056,9530.5,9610.845,10273.663,11288.771,12328.975,13120.559,13805.647,14236.499,14697.593,15255.532,15667.534,15655.114,15196.115,14440.91,13788.877,13346.84,12815.92,11973.588,11027.848
10183.87,9575.118,9121.84,8852.564,8744.88,8704.422,8753.466,9312.824,10412.049,11638.241,12747.231,13627.864,14393.596,14981.22,15622.559,16124.894,16562.22,16843.772,16712.5,16124.385,15457.725,14898.97,13702.214,12477.245
11438.944,10730.984,10300.288,10032.528,10006.677,10413.266,10930.255,11919.793,13189.275,14316.072,15537.132,16599.282,17420.506,18042.834,18230.508,18207.991,17458.573,16945.06,16759.196,16376.816,15809.331,15269.051,14057.16,12701.302
11664.014,10879.637,10387.224,10061.91,10026.124,10412.877,10999.882,11811.678,12831.814,13737.183,14572.881,15305.626,16037.469,16472.296,16696.818,16625.883,16641.965,16225.567,15860.194,15202.961,14374.649,13732.069,12627.221,11370.805
10405.317,9771.993,9342.867,9112.69,9074.082,9524.113,10095.35,10934.788,11774.6,12634.569,13603.855,14344.221,15010.988,15649.629,16048.148,16363.446,16552.703,16492.138,16029.646,15301.488,14570.333,13932.204,12769.304,11473.945
10452.693,9714.318,9273.266,9047.674,8970.279,9423.84,10015.137,10787.143,11741.653,12736.03,13716.118,14483.953,15152.745,15722.709,16194.447,16410.879,16703.593,16714.442,16495.015,15803.913,15292.106,14649.287,13359.573,12154.823
11124.381,10406.583,9899.92,9650.119,9644.495,10024.142,10578.8,11302.264,12315.064,13336.113,14481.784,15548.674,16354.613,17013.706,17367.431,17617.812,17811.185,17786.893,17527.476,16965.026,16328.498,15759.859,14600.251,13402.072
12348.176,11465.844,10911.819,10485.774,10222.819,10132.115,10164.074,10935.983,12274.819,13689.475,15046.661,16112.35,17032.047,17589.871,17936.708,18243.913,18428.957,18473.087,18179.968,17643.412,17023.404,16422.604,15324.648,14165.899
13007.846,12290.165,11646.453,11189.991,10841.546,10717.642,10615.51,11199.635,12493.637,13849.553,15055.145,16147.937,16995.71,17551.607,17947.08,18303.486,18593.795,18697.263,18403.304,17927.316,17531.671,16940.041,15746.396,14472.674
13381.442,12589.408,12091.151,11759.825,11679.928,11934.593,12380.507,13272.574,14346.234,15537.623,16770.411,17948.437,18802.898,19258.488,19444.286,19533.221,19538.149,19271.188,19002.521,18548.625,18087.906,17427.979,16139.633,14795.328
13715.456,12874.824,12323.839,11977.669,11890.213,12179.957,12678.771,13465.46,14422.978,15485.423,16536.671,17425.611,18074.166,18521.126,18695.122,18903.526,18880.463,18745.811,18421.962,17478.396,16878.132,16083.514,14725.037,13413.171
12425.308,11719.18,11278.076,11015.55,10990.354,11335.066,11852.132,12637.634,13487.737,14339.772,15366.399,16330.249,17118.765,17798.598,18208.277,18450.136,18667.986,18455.94,18036.047,17405.432,16875.192,16099.355,14663.014,13539.063
12471.873,11710.052,11208.752,10939.139,10977.43,11400.711,11912.307,12691.602,13669.052,14681.952,15656.677,16578.245,17392.484,18292.59,18819.921,19061.222,18818.214,18275.529,17680.178,17010.843,16559.261,15740.881,14476.212,13323.92
12385.903,11715.401,11169.094,10865.847,10862.905,11215.133,11648.666,12237.535,12914.54,13593.994,14323.706,14995.335,15577.018,16033.841,16368.879,16670.238,16955.113,16965.939,16536.945,15861.619,15337.348,14665.379,13577.905,12442.433
11376.759,10668.249,10145.745,9842.186,9698.067,9776.822,9911.735,10518.399,11576.514,12768.755,13870.895,14638.688,14966.574,15263.17,15361.664,15140.478,14899.711,14588.202,14122.574,13532.767,13192.855,12758.805,12021.757,11184.908
10418.959,9883.481,9415.343,9257.815,9162.86,9193.731,9310.688,9787.323,10757.637,11666.375,12426.997,13303.06,14323.868,15158.652,15929.769,16468.434,16641.36,16336.242,15462.056,14797.528,14318.828,13729,12708.79,11640.463
10733.769,10172.874,9807.128,9651.633,9728.317,10194.238,10837.273,11599.931,12436.361,13349.491,14325.731,15336.884,16148.026,16716.694,17134.427,17418.761,17592.795,17485.832,17058.416,16411.964,15996.677,15344.995,13885.546,12684.109
11681.234,10977.501,10544.241,10289.141,10239.937,10675.238,11192.848,11934.741,12631.279,13244.254,13887.634,14548.015,15244.518,15695.31,15799.792,15804.036,15898.569,15862.395,15541.321,14959.264,14635.015,14050.373,12950.775,11831.809
10876.586,10179.339,9856.299,9644.957,9722.842,10150.271,10758.08,11356.206,12008.049,12737.122,13393.37,13858.851,14319.285,14554.31,14802.725,14940.347,15004.601,14878.672,14560.078,14055.48,13709.106,13209.823,12097.513,11006.546
10085.913,9513.68,9121.713,8920.32,9014.269,9419.923,10220.63,10897.797,11639.473,12249.798,13062.842,13707.689,14319.769,14777.548,15111.635,15307.798,15369.266,15276.745,14790.31,14257.032,13870.1,13404.905,12258.152,11153.381
10228.735,9659.02,9284.79,9093.638,9122.317,9571.333,10260.924,10937.007,11525.881,12239.726,12854.92,13397.12,13795.343,14192.747,14517.044,14637.22,14788.761,14931.934,14712.864,14203.913,13933.652,13478,12628.476,11689.058
10866.126,10272.974,9890.885,9677.028,9631.263,9728.258,9886.715,10371.077,11451.721,12536.462,13591.815,14537.23,15384.868,16133.501,16286.688,16275.951,16333.874,16347.092,15957.868,15343.106,14963.209,14445.827,13467.985,12451.163
11453.927,10693.991,10146.444,9729.501,9453.439,9381.54,9634.995,9784.892,10641.661,11486.19,12275.045,13046.72,13724.732,14259.941,14754.556,15176.28,15546.12,15629.544,15259.348,14620.748,14097.462,13459.458,12327.89,11143.538
10271.481,9635.27,9342.567,9123.77,9320.51,9745.219,10349.572,10908.138,11567.807,12236.19,12885.076,13347.134,13607.024,13642.464,13518.007,13337.691,13248.977,13128.602,12895.867,12673.379,12619.324,12200.957,11260.261,10245.872
9525.852,8991.064,8786.145,8631.318,8795.946,9340.928,10023.481,10630.219,11106.669,11587.169,12144.524,12687.441,13229.521,13698.664,14111.629,14326.84,14611.625,14739.654,14696.32,14356.356,14275.173,13642.99,12674.227,11705.137
10770.486,10246.51,9908.702,9747.087,9871.452,10444.764,11122.061,11891.743,12735.336,13744.063,14821.76,15771.051,16474.094,17197.012,17643.899,17849.61,18012.764,17966.752,17656.997,16940.674,16526.641,15671.793,14385.097,12982.351
12042.849,11328.825,10873.537,10534.982,10552.753,11057.907,11645.828,12442.922,13504.85,14630.184,15710.548,16701.791,17486.191,17974.237,18203.883,18408.053,18545.108,18470.852,18264.925,17633.681,17158.452,16370.38,15001.699,13691.986
12639.144,11910.003,11364.704,11071.021,10990.77,11417.359,12015.06,12724.425,13796.117,14973.027,16191.724,17174.781,17995.591,18460.945,18604.926,18812.538,18961.369,18896.363,18657.037,17927.127,17509.332,16713.091,15620.82,14461.445
13403.485,12613.153,11975.176,11538.978,11344.452,11317.373,11351.835,11955.175,13284.292,14711.002,16016.467,17176.353,17989.733,18424.19,18729.056,18987.386,19092.472,18987.171,18646.026,17990.566,17560.988,16856.572,15882.754,14817.927
13803.277,12976.344,12364.817,11883.444,11576.843,11409.729,11331.869,11874.206,13202.081,14665.638,15928.516,16907.117,17603.093,18160.924,18466.27,18666.955,18681.862,18716.347,18325.332,17589.732,17164.174,16230.643,15016.781,13725.3
12708.438,11982.563,11451.532,11140.032,11122.26,11427.277,12003.665,12697.037,13661.655,14788.931,15997.846,17066.466,17947.917,18611.126,18631.152,18622.342,18504.186,17925.637,17101.972,16411.644,15879.356,14986.749,13804.164,12635.158
11709.704,11047.032,10680.424,10444.654,10503.521,10984.057,11598.207,12236.724,13103.976,14090.506,15251.888,16319.53,17376.895,18153.812,18556.411,18845.521,18936.135,18754.724,18376.39,17865.218,17533.446,16655.559,15394.258,14133.197
13065.07,12211.292,11621.759,11286.007,11303.317,11696.311,12267.968,12926.604,13900.797,14874.925,16012.625,16821.006,17564.544,18189.086,18538.644,18836.978,18955.462,18868.488,18326.234,17420.647,16851.342,15459.229,14089.372,12848.108
11950.419,11197.701,10811.871,10574.346,10560.623,10967.74,11705.593,12261.427,12848.753,13456.404,14387.773,15363.877,16169.499,16842.368,17193.545,17541.175,17666.357,17507.356,17091.693,16387.93,16018.135,15112.899,13832.099,12560.724
11499.7,10779.582,10244.68,9951.451,9969.432,10340.722,10952.776,11586.994,12466.292,13418.561,14480.755,15273.625,15765.337,16107.479,16277.847,16302.469,16113.692,15931.496,15457.188,14695.712,14363.301,13666.757,12709.396,11612.075
10648.809,10055.828,9596.468,9330.54,9268.522,9273.733,9322.81,9859.92,11103.891,12392.285,13570.747,14505.999,15140.352,15552.914,15990.68,16247.907,16456.32,16388.072,15903.646,15052.445,14698.081,13921.569,12841.239,11849.682
10977.521,10372.717,9941.376,9600.564,9479.591,9498.685,9630.586,10102.686,11117.868,12221.738,13351.411,14413.021,15336.643,15861.927,16197.253,16008.765,15919.925,15926.763,15540.69,15140.29,14822.378,13921.921,12761.128,11460.24
10516.36,9846.565,9425.247,9162.714,9128.083,9508.61,10075.213,10606.155,11323.353,12107.047,12791.827,13399.571,13898.655,14387.655,14778.769,15084.858,15277.916,15232.346,14816.88,14086.744,13667.101,12729.684,11519.085,10313.384
9435.777,8854.579,8526.246,8323.731,8394.858,8894.754,9601.853,10216.441,10659.042,11413.791,12197.789,12958.903,13442.855,13911.861,14310.132,14560.489,14790.901,14788.723,14414.427,13719.125,13393.63,12520.915,11339.833,10133.542
9327.26,8759.658,8430.35,8233.197,8293.606,8759.949,9400.463,9964.103,10637.696,11372.487,12129.93,12890.864,13591.382,14314.415,14875.971,15287.071,15482.436,15465.531,15064.268,14374.043,14045.013,13097.545,11861.95,10671.176
9752.768,9188.439,8815.36,8617.248,8719.802,9226.183,9975.972,10592.809,11362.872,12224.797,13089.831,13996.307,14908.985,15821.407,16389.425,16778.894,17166.076,17264.141,16829.675,16203.388,15888.37,14887.16,13581.621,12359.601
11380.659,10698.79,10267.772,10036.89,10064.003,10495.557,11175.868,11815.739,12783.214,13939.433,15073.804,16169.661,17033.537,17764.812,18235.531,18409.289,18543.1,18438.4,18005.861,17154.509,16626.473,15676.173,14473.538,13266.683
12246.504,11420.441,10840.691,10474.51,10277.321,10291.013,10383.851,10908.799,12127.76,13431.42,14555.324,15463.704,16118.051,16530.298,16784.702,16965.167,17056.126,16916.181,16362.577,15546.939,15058.996,14136.163,12992.627,11869.124
10928.234,10249.198,9795.033,9466.469,9284.691,9349.122,9428.318,9823.645,10852.126,11999.942,12992.889,13899.094,14725.266,15320.162,15815.103,16107.544,16240.373,16160.125,15650.477,15041.969,14700.142,13728.436,12484.191,11346.59
10387.114,9766.69,9424.104,9245.632,9371.073,9877.857,10774.111,11262.32,12027.081,12942.845,13860.242,14745.218,15533.373,16229.371,16776.761,17147.234,17324.094,17261.225,16839.034,16067.441,15663.059,14497.129,13100.053,11808.558
10817.179,10091.934,9679.623,9435.742,9484.144,9961.731,10764.378,11326.947,12002.576,12898.293,13891.005,14823.17,15697.903,16431.303,16764.589,17004.837,17093.894,17067.905,16601.908,15913.987,15515.504,14436.915,13093.212,11719.788
10764.364,10104.271,9687.378,9447.764,9541.315,9996.539,10810.762,11411.198,12085.347,12910.207,13812.073,14759.195,15753.974,16439.82,16990.473,17249.91,17305.238,17108.527,16563.345,16000.89,15639.638,14671.116,13323.756,12063.793
11108.296,10447.743,10004.571,9797.129,9830.77,10362.599,11153.233,11719.746,12227.086,12743.431,13296.015,13864.14,14276.002,14683.88,14858.84,14910.2,15049.073,14842.121,14238.033,13850.228,13676.827,12914.401,11851.915,10763.439
9943.705,9400.201,9019.75,8821.863,8900.923,9337.043,10032.153,10556.107,11006.777,11487.083,11946.589,12282.853,12553.709,12808.089,12901.768,12810.667,12617.026,12348.656,11882.176,11679.877,11557.124,11017.42,10378.857,9664.33
9025.444,8572.508,8312.581,8165.452,8080.941,8195.499,8483.019,8731.569,9291.322,9928.813,10485.119,10778.444,10889.105,10948.863,11064.235,11047.265,11098.161,11032.493,10952.86,10856.231,10925.348,10572.485,9960.078,9274.061
8645.277,8199.435,7936.07,7735.592,7704.472,7757.719,7884.034,8122.788,8757.985,9407.183,9932.99,10465.91,10929.247,11292.149,11629.493,11831.764,12038.479,12013.949,11710.979,11325.726,11213.155,10608.071,9879.633,8998.505
8380.517,7929.144,7618.446,7471.745,7497.449,7664.492,7844.206,8039.949,8705.186,9526.919,10332.087,10967.803,11553.336,12069.79,12502.214,12903.317,13159.597,13308.559,13111.843,12819.169,12663.239,11757.634,10630.156,9579.862
8806.688,8313.816,8067.02,7988.093,8183.487,8764.593,9705.35,10248.053,10753.785,11512.875,12235.75,13046.528,13825.319,14653.893,15228.34,15948.382,16302.154,16371.351,15911.605,15349.102,14918.877,13774.93,12460.964,11064.753
10302.355,9709.281,9300.6,9032.883,9136.226,9716.676,10740.707,11215.736,11636.397,12308.142,13032.483,13717.172,14437.868,14964.003,15577.194,16217.192,16663.411,16756.2,16068.802,15519.337,15113.262,14033.013,12740.037,11591.095
10695.25,10142.252,9784.775,9550.523,9700.237,10288.061,11321.701,11848.256,12369.453,13053.222,14007.282,14877.944,15725.396,16588.625,17179.021,17626.699,17858.285,17800.494,17492.945,17021.685,16477.81,15349.83,13997.339,12709.329
11748.267,11082.165,10574.775,10217.809,10179.441,10619.396,11564.76,12076.019,12720.764,13539.581,14397.17,15389.512,16329.227,17092.827,17568.561,17777.408,17911.044,17629.289,17046.757,16540.325,15992.012,15054.109,13915.642,12855.218
11717.342,11535.919,10460.462,10143.397,9916.831,9938.907,10178.337,10540.676,11524.054,12564.899,13647.801,14718.761,15578.996,16252.362,16712.615,16982.366,17046.138,16785.725,16296.65,15811.747,15423.573,14636.911,13615.125,12562.513
11707.272,11024.133,10533.652,10155.379,9964.121,9888.679,9902.812,10218.695,11112.106,12150.985,12900.167,13613.409,14137.545,14458.211,14594.649,14705.464,14549.809,14341.201,13843.808,13415.3,13100.919,12172.755,11073.434,10085.709
9339.464,8814.593,8515.717,8406.296,8547.286,9064.969,9990.22,10356.168,10812.089,11452.418,12038.554,12661.389,13201.937,13846.052,14297.957,14645.132,14805.55,14698.669,14162.424,13809.713,13400.658,12426.31,11203.037,10113.174
9253.685,8810.041,8484.116,8320.808,8455.375,8966.503,10044.625,10560.814,10951.371,11575.543,12291.266,13069.211,13830.113,14565.924,15219.38,15762.134,15988.167,15911.436,15341.847,14869.099,14484.351,13271.305,11946.895,10727.183
9820.766,9231.419,8872.537,8612.407,8717.443,9313.712,10322.733,10781.728,11426.342,12105.227,12992.869,14019.952,14932.274,15735.29,16380.959,16901.213,17091.654,16949.345,16275.818,15711.448,14972.51,13839.398,12385.62,11165.701
10232.965,9583.8,9194.406,8959.976,8976.591,9488.2,10440.838,10889.829,11192.088,11519.423,11857.325,12157.889,12426.849,12583.346,12631.525,12658.126,12646.542,12498.074,12330.22,12473.326,12350.149,11653.686,10765.5,9743.504
9013.669,8600.85,8338.323,8227.672,8371.205,8970.502,9974.823,10531.808,10767.732,11027.697,11334.401,11718.618,12000.96,12368.046,12646.947,12681.321,12595.546,12367.1,12027.687,12039.073,11776.151,11279.703,10543.096,9721.886
9034.675,8534.13,8254.268,8081.128,8078.166,8202.792,8505.912,8785.129,9520.698,10364.69,11064.344,11726.959,12346.775,12856.33,13126.748,13370.516,13504.746,13588.916,13263.749,12981.635,12705.993,11957.824,11148.039,10361.153
9549.245,9063.654,8679.694,8428.321,8287.941,8397.859,8640.154,9016.846,9867.466,10855.802,11807.674,12729.694,13559.548,14411.281,14845.903,14938.179,15090.512,15046.685,14784.002,14728.831,14394.503,13449.898,12291.891,11207.855
10454.47,9925.1,9631.445,9485.068,9632.941,10297.26,11364.876,11874.461,12162.417,12525.268,12889.492,13085.057,13172.07,13191.502,12947.169,12863.637,12793.926,12786.73,12709.662,12833.385,12510.449,11775.329,10864.107,9947.9
9226.131,8762.072,8545.26,8469.297,8607.025,9263.633,10419.683,11024.265,11183.967,11412.222,11647.582,11925.806,12134.688,12278.596,12356.374,12411.405,12563.404,12626.637,12612.811,12871.294,12632.936,11833.043,10854.311,9926.857
9237.08,8822.257,8573.713,8494.931,8632.139,9263.078,10376.091,10923.257,11100.883,11282.84,11568.96,11948.218,12232.066,12413.385,12490.906,12570.743,12645.659,12699.978,12653.685,12853.545,12592.521,11847.896,10942.235,10016.88
9197.043,8736.13,8432.154,8328.5,8431.77,8997.698,10017.817,10533.522,10890.302,11346.609,11801.374,12260.359,12679.441,13143.352,13544.605,13859.473,14018.227,13958.954,13486.931,13418.724,13016.05,12093.801,10989.512,9903.673
9116.895,8586.903,8275.919,8173.787,8303.574,8846.088,9840.64,10308.708,10666.201,11231.838,11851.571,12442.738,13035.768,13656.46,14232.318,14695.351,14996.138,14843.917,14046.231,13525.657,12886.937,12010.142,11066.317,10052.272
9235.15,8595.743,8234.676,7989.263,7914.461,8038.504,8367.009,8745.865,9530.007,10449.578,11247.709,11908.268,12517.292,12929.109,13146.975,13229.209,13207.945,12828.348,12326.726,12214.795,11821.442,11175.753,10403.626,9608.103
8895.865,8368.249,8036.253,7793.591,7708.873,7709.484,7912.215,8129.936,8714.889,9250.632,9538.198,9776.783,10002.79,10184.878,10352.127,10443.021,10509.483,10601.92,10527.584,10897.429,10728.374,10066.425,9255.107,8460.882
7897.39,7551.175,7362.737,7316.901,7523.151,8146.966,9189.745,9730.827,9906.034,10033.091,10256.159,10366.867,10482.134,10518.048,10561.064,10667.475,10780.815,10921.425,11151.582,11493.485,11297.158,10503.102,9777.478,8954.648
8353.819,7977.361,7808.952,7790.734,7951.035,8525.452,9661.788,10242.115,10339.102,10472.799,10631.34,10788.313,11036.826,11246.963,11391.761,11586.404,11823.935,11832.833,11685.064,11890.918,11552.481,10796.054,9918.072,9035.802
8316.377,7913.482,7724.529,7676.82,7849.516,8509.723,9613.796,10209.504,10389.571,10607.379,10928.708,11132.068,11326.526,11523.176,11634.816,11725.144,11852.633,11894.102,11861.817,12019.174,11729.185,10998.806,10148.932,9334.697
8701.335,8321.077,8080.873,7922.027,8091.977,8669.633,9818.363,10389.751,10599.713,10897.471,11203.502,11417.366,11548.388,11542.767,11445.628,11382.308,11427.686,11499.221,11572.183,11817.393,11529.622,10900.105,9988.717,9134.682
8499.264,8103.163,7890.69,7820.946,7958.265,8516.649,9562.469,10130.123,10324.894,10596.922,10849.824,11063.532,11247.111,11392.301,11404.941,11303.63,11199.699,11186.25,11150.057,11274.188,10992.713,10552.071,9933.014,9253.234
8656.174,8251.331,8006.945,7858.335,7876.105,8030,8411.389,8840.817,9416.434,9991.012,10362.032,10605.083,10799.945,10890.074,10972.829,11136.842,11171.127,11098.679,11027.59,11208.074,10920.579,10392.652,9790.711,9092.794
8454.345,8005.291,7735.212,7556.545,7495.121,7582.247,7816.169,8133.586,8716.48,9321.819,9772.774,10060.307,10374.727,10580.189,10766.516,10902.541,11101.886,11234.436,11197.981,11473.822,11217.76,10536.936,9696.774,8853.197
8181.716,7749.192,7540.066,7466.396,7623.154,8241.947,9315.449,9789.818,9875.474,10272.11,10614.872,10965.113,11265.959,11529.315,11673.079,11757.635,11877.683,11788.125,11587.822,11737.956,11412.578,10610.658,9657.327,8779.031
8070.107,7690.499,7509.243,7416.898,7570.415,8095.994,9134.034,9551.766,9643.537,9930.807,10249.908,10551.32,10754.242,10947.352,11006.788,11061.693,11224.016,11161.12,11092.715,11504.879,11210.366,10419.177,9446.495,8649.213
8080.824,7640.004,7445.701,7388.224,7604.191,8190.786,9201.061,9697.921,9787.156,9876.262,10124.122,10168.673,10176.065,10185.801,10175.699,10319.452,10467.095,10468.623,10511.053,10945.731,10630.846,10094.553,9223.929,8431.235
7843.57,7512.78,7384.202,7334.621,7479.438,8071.674,9125.859,9660.59,9736.079,9916.815,10047.927,10136.411,10258.453,10242.496,10260.953,10349.084,10400.588,10395.012,10543.46,10956.516,10743.037,10142.046,9456.67,8620.436
8058.768,7801.549,7562.03,7553.878,7752.514,8310.596,9335.306,9976.067,10163.513,10435.038,10607.206,10756.234,10809.416,11084.733,11118.69,11054.033,10932.114,10864.091,10902.626,11079.84,10780.054,10283.925,9634.908,9050.274
8432.125,8078.134,7803.556,7687.344,7648.853,7855.115,8204.623,8651.619,9260.63,9766.82,10168.032,10327.66,10365.123,10262.441,10153.788,10041.505,10109.833,10222.942,10327.436,10226.31,9833.649,9350.507,8814.368,8170.626
7560.517,7137.421,6832.258,6671.112,6598.012,6632.472,6811.502,7096.969,7551.701,7935.027,8106.046,8187.88,8272.574,8287.266,8292.551,8353.594,8515.185,8687.271,8857.137,9318.615,9182.969,8671.37,8176.749,7688.274
7188.745,6889.199,6754.905,6736.218,6920.518,7368.726,8177.903,8731.991,9067.071,9284.885,9401.617,9408.516,9344.806,9327.564,9298.968,9293.805,9413.206,9576.368,9831.162,10280.859,10017.291,9468.749,8728.97,8072.621
7578.122,7334.349,7258.176,7271.678,7520.494,8225.316,9458.83,10074.365,10068.41,9980.843,9874.752,9681.008,9667.634,9625.478,9569.763,9581.359,9679.807,9804.665,10100.209,10547.177,10256.338,9684.811,8943.512,8268.318
7765.744,7515.392,7448.234,7480.698,7722.377,8308.671,9502.005,10002.83,9864.715,9853.485,9817.179,9806.376,9788.323,9802.072,9830.862,9889.019,9997.856,10078.373,10298.57,10562.384,10301.081,9738.942,8935.372,8205.655
7700.95,7422.937,7272.329,7254.841,7439.157,8106.522,9233.713,9750.609,9669.01,9702.27,9770.327,9716.568,9864.693,9975.478,10064.911,10171.622,10328.893,10388.992,10503.848,10803.321,10529.545,9900.372,9098.407,8278.494
7763.978,7440.397,7261.301,7210.309,7404.919,7995.171,9057.826,9638.765,9666.191,9547.46,9615.519,9523.444,9521.43,9510.809,9491.35,9434.59,9371.61,9473.737,9662.494,9857.046,9607.148,9241.118,8734.787,8147.517
7706.816,7407.996,7237.14,7195.14,7259.42,7481.135,7925.283,8411.61,8799.541,8979.873,8953.361,8817.368,8748.127,8663.227,8745.85,8758.168,8842.202,8928.643,9209.131,9522.52,9288.723,8984.163,8491.082,8024.866
7571.384,7273.093,7108.892,7047.349,7033.053,7172.728,7555.9,7917.824,8391.987,8645.469,8756.496,8834.46,8953.615,9127.693,9324.028,9447.076,9664.861,9914.788,10234.071,10520.353,10186.453,9609.792,8831.501,8160.461
7629.164,7296.864,7086.995,7108.231,7296.593,7943.3,8991.614,9519.361,9597.529,9795.62,10120.513,10414.502,10818.043,11213.884,11528.947,11768.698,11956.361,11944.39,11926.097,12086.486,11532.058,10768.719,9835.934,8835.163
8242.03,7776.169,7527.328,7462.326,7612.978,8240.839,9303.387,9857.643,9885.704,10054.208,10509.523,10920.086,11358.768,11905.976,12335.354,12661.77,12815.112,12774.202,12657.608,12707.828,12075.476,11302.098,10296.535,9366.389
8636.237,8205.299,7903.524,7798.794,7915.564,8538.163,9637.418,10158.685,10279.517,10586.853,11091.176,11676.955,12293.235,12886.384,13328.134,13753.074,13927.313,13753.14,13580.417,13530.467,12826.352,11909.189,10846.22,9852.617
9082.226,8569.274,8230.995,8137.154,8191.753,8750.841,9871.862,10461.321,10509.729,10762.163,11239.764,11832.553,12493.47,13062.453,13362.277,13595.427,13570.344,13318.396,13187.162,13076.347,12500.249,11617.31,10534.614,9504.993
8646.611,8168.68,7929.659,7806.54,7904.019,8442.833,9499.256,10054.675,10090.274,10466.857,10865.331,11275.2,11550.79,11538.369,11365.439,11251.022,11184.075,11008.961,11056.653,10846.465,10344.104,9786.218,9150.618,8419.906
7789.356,7404.484,7173.092,7024.489,7029.992,7224.368,7591.593,8066.65,8545.877,8744.704,8901.219,8875.886,8757.976,8642.648,8567.54,8500.29,8618.803,8856.219,9259.999,9559.424,9409.417,9154.292,8716.271,8243.041
7876.283,7638.711,7462.032,7415.7,7483.761,7708.786,8107.246,8657.949,9105.422,9180.869,9068.119,8913.056,8806.835,8657.707,8587.577,8612.874,8797.711,9069.784,9620.454,9936.153,9679.958,9181.819,8472.175,7815.318
7424.302,7171.079,7053.08,7112.917,7301.961,8017.145,9093.434,9708.051,9636.893,9578.288,9553.063,9567.244,9670.436,9677.295,9719.913,9714.515,9755.766,9922.373,10311.155,10564.037,10178.108,9549.698,8720.838,7972.447
7540.893,7299.545,7236.2,7320.71,7584.77,8385.177,9640.64,10283.567,10096.739,9893.207,9743.929,9649.205,9500.784,9452.626,9377.44,9380.33,9444.641,9621.201,10208.307,10533.29,10269.535,9742.299,9053.225,8414.075
8028.279,7838.207,7795.217,7865.584,8213.908,9044.654,10233.507,10845.436,10662.199,10239.863,9869.014,9706.865,9487.78,9371.385,9268.455,9327.08,9396.401,9711.838,10330.114,10591.853,10398.25,9895.824,9124.806,8442.981
7987.621,7850.724,7770.292,7828.517,8069.957,8845.368,10071.203,10567.738,10368.494,10196.264,10019.151,9814.025,9681.104,9684.884,9651.401,9673.372,9792.747,9941.707,10395.388,10569.049,10311.056,9668.591,8960.124,8246.977
7709.544,7462.041,7297.379,7272.118,7542.539,8125.318,9299.579,9957.599,9841.121,9736.146,9658.583,9557.497,9417.015,9384.673,9308.948,9249.344,9363.349,9485.194,9814.924,9884.638,9660.122,9326.343,8927.205,8380.005
7969.282,7745.436,7640.345,7689.617,7802.706,8117.747,8592.683,9162.925,9489.378,9508.28,9330.781,9075.261,8873.088,8770.258,8840.069,8863.939,9017.423,9228.208,9616.533,9701.07,9447.838,9084.583,8581.158,8089.103
7608.872,7283.213,7075.328,6964.339,6992.148,7109.85,7395.267,7777.035,8223.742,8609.118,8794.525,9024.801,9244.065,9471.344,9696.574,9814.952,9976.828,10221.502,10647.171,10750.365,10349.789,9756.917,9060.647,8268.773
7718.162,7316.16,7103.827,7042.443,7217.593,7782.125,8886.047,9564.73,9513.268,9508.998,9540.727,9517.302,9499.49,9458.177,9563.307,9550.73,9643.896,9679.283,9917.825,9888.895,9898.544,9573.697,8951.479,8280.3
7893.444,7633.54,7587.228,7665.119,7772.659,8540.866,9661.236,10302.201,10135.232,9960.956,9971.22,9867.769,9749.058,9679.725,9646.039,9615.858,9687.414,9975.417,10569.863,10679.811,10340.888,9815.008,8978.74,8329.641
7823.375,7480.047,7355.532,7394.148,7623.48,8305.887,9421.809,9975.632,9807.753,9672.439,9671.986,9601.663,9669.001,9816.531,10018.693,10206.831,10386.897,10503.412,10920.815,11001.312,10578.897,9920.942,9148.771,8375.758
7815.985,7452.232,7253.771,7191.003,7388.125,7969.282,9094.181,9787.334,9761.78,9739.998,9907.89,10112.769,10351.394,10520.189,10641.777,10679.783,10750.826,10812.511,11242.195,11196.982,10756.012,10141.998,9348.411,8584.34
7914.509,7546.87,7314.147,7180.681,7313.561,7877.075,8907.56,9611.303,9611.929,9500.074,9555.017,9476.648,9410.664,9479.082,9389.754,9400.571,9330.719,9488.465,9869.234,9918.427,9686.83,9355.459,8940.067,8396.253
7970.294,7702.264,7652.45,7660.971,7821.433,8176.183,8730.402,9430.781,9847.075,9834.889,9523.552,9267.234,8922.099,8767.114,8610.543,8601.056,8679.317,8984.678,9564.292,9691.073,9536.28,9364.327,8997.519,8590.817
8225.315,8144.682,7945.254,7974.936,8153.889,8508.14,8946.407,9333.015,9575.489,9384.395,9126.078,8938.005,8767.219,8721.652,8727.642,8811.954,9076.471,9885.19,10070.806,9933.313,9598.242,9107.233,8564.828,8080.708
7780.574,7721.043,7733.457,7903.386,8344.495,9231.531,10425.694,10791.39,10513.434,10159.427,9984.724,9806.686,9646.249,9545.05,9500.697,9570.544,9903.056,10809.647,11067.459,10961.955,10772.664,10295.98,9739.986,9217.723
8943.056,8850.177,8923.609,9099.683,9562.65,10512.184,11471.573,11678.923,11198.313,10529.259,10125.4,9849.144,9686.431,9634.528,9648.999,9625.604,9870.389,10749.866,10890.432,10683.032,10325.896,9788.699,9172.42,8599.069
8188.355,7990.569,7784.769,7840.801,8110.643,8810.744,9850.055,10309.706,10284.105,10244.773,10131.655,10124.639,10043.646,9971.661,9869.532,9906.452,10281.406,11009.626,11096.103,10900.613,10599.836,9964.32,9270.266,8699.609
8305.904,8167.362,8210.963,8336.399,8677.004,9580.02,10803.122,11212.915,10855.254,10466.814,10197.416,9940.791,9808.841,9627.08,9597.549,9571.335,9887.267,10741.562,10972.529,10929.58,10756.608,10307.649,9678.985,9141.181
8722.706,8556.696,8444.246,8455.67,8839.737,9556.805,10425.936,10726.6,10503.199,10135.352,9883.461,9658.149,9444.796,9289.157,9224.393,9230.813,9452.787,10280.637,10325.419,10144.611,9991.518,9690.77,9173.271,8795.688
8485.509,8291.431,8289.998,8385.532,8667.476,9133.653,9725.455,10247.191,10481.077,10367.782,10141.842,9799.597,9501.824,9205.279,9067.548,9156.274,9625.431,10675.636,10955.831,11064.941,11208.833,11046.094,10825.22,10516.595
10335.029,10276.695,10250.711,10350.931,10629.246,11087.886,11557.836,11892.588,11692.882,10987.013,10268.46,9739.845,9370.067,9109.391,9037.51,9069.128,9545.356,10570.515,10889.335,10844.929,10840.282,10506.843,9997.827,9608.705
9388.534,9317.314,9471.175,9663.545,10120.268,11012.798,12216.414,12511.078,12172.519,11681.04,11321.229,11081.279,10839.236,10764.538,10713.315,10701.006,11177.635,11887.896,11857.258,11613.884,11251.034,10610.001,9828.162,9152.3
8751.288,8512.975,8384.568,8490.38,8824.979,9581.808,10725.519,11072.223,10859.026,10527.183,10267.967,10017.128,9845.921,9705.485,9611.211,9674.979,9976.972,10995.386,11085.757,11138.493,10913.724,10514.379,9888.633,9289.632
8968.761,8907.773,8970.603,9176.167,9668.56,10532.933,11863.009,12148.946,11571.557,10929.422,10387.332,10024.835,9770.258,9670.114,9642.274,9704.42,10016.391,10942.098,11112.238,11030.839,10803.689,10293.955,9593.01,8999.204
8714.81,8522.843,8583.625,8669.609,9075.357,10002.855,11275.545,11563.79,10961.554,10425.847,10105.839,9820.097,9680.389,9578.225,9436.065,9635.152,9840.504,10829.563,11032.725,10984.163,10826.529,10383.654,9767.464,9256.526
8926.713,8836.194,8867.97,9001.194,9397.792,10339.993,11629.637,11965.165,11379.205,10675.363,10187.065,9838.407,9587.167,9499.575,9431.467,9549.706,9735.145,10526.031,10469.519,10252.163,10054.313,9675.763,9251.968,8736.038
8377.617,8193.939,8081.25,8152.875,8394.611,8780.066,9357.002,9716.961,9800.985,9573.807,9322.777,9124.991,9015.003,8944.227,8860,8932.572,9427.209,10141.128,10217.306,10179.547,10099.586,9909.645,9776.425,9356.968
9128.171,9008.987,9044.52,9115.083,9313.16,9639.119,10113.77,10550.664,10916.636,10974.154,10737.327,10579.624,10436.652,10264.139,10266.96,10364.478,11078.387,12251.645,12507.622,12517.524,12321.117,11866.522,11319.39,10823.84
10579.56,10491.422,10560.575,10749.542,11232.111,12203.952,13438.27,13722.682,13067.796,12462.001,11879.352,11468.09,11097.318,10839.787,10732.091,10819.078,11482.114,12738.401,13092.09,13100.737,12947.183,12519.398,11901.893,11298.038
11008.927,10895.992,11059.733,11312.838,11871.281,12866.998,14136.215,14429.47,13578.959,12709.181,12064.722,11522.48,11089.482,10842.108,10609.977,10653.742,11294.024,12350.471,12663.292,12757.88,12693.415,12390.86,11870.925,11369.599
11070.293,11007.949,11048.914,11271.258,11685.871,12633.589,13661.859,14100.564,13525.432,12542.321,11767.157,11216.423,10770.925,10498.451,10404.727,10564.895,11072.26,11796.121,11780.834,11654.445,11448.375,11101.568,10570.855,10117.831
9638.939,9375.859,9173.12,9074.073,9141.362,9370.974,9713.898,10080.728,10516.838,10762.514,10794.804,10647.27,10233.549,9733.854,9293.914,8986.541,8965.35,9288.912,9206.472,9108.253,9027.187,8996.607,8763.786,8448.027
8182.45,8029.438,7962.688,8010.689,8214.024,8585.998,9039.21,9360.35,9601.626,9744.209,9717.689,9469.085,9225.212,9062.643,8894.725,8968.594,9276.892,10019.239,9989.611,9813.234,9645.064,9341.04,8912.158,8430.373
8013.384,7805.534,7699.234,7748.235,7913.358,8261.899,8726.792,9185.78,9688.685,9910.318,9915.161,9813.454,9646.237,9435.624,9312.766,9432.342,9985.385,10918.183,11111.195,11106.476,11044.921,10902.874,10566.493,10179.495
9911.433,9804.161,9830.545,9955.586,10162.909,10548.432,11032.711,11468.674,11424.282,10920.873,10383.591,9960.637,9696.764,9477.211,9356.336,9478.149,10098.917,11350.334,11734.606,11866.093,11868.447,11524.118,11008.54,10506.911
10270.905,10204.48,10241.634,10418.976,10886.411,11813.467,13146.315,13585.513,13084.238,12423.056,11925.503,11510.833,11273.866,11033.615,10770.091,10881.367,11362.47,12330.507,12441.158,12209.529,11892.034,11260.999,10428.175,9592.635
9123.473,8775.057,8534.45,8504.673,8760.022,9444.871,10519.283,10856.188,10743.255,10517.807,10438.21,10342.66,10215.352,10162.316,10168.77,10209.685,10511.886,11201.213,11193.41,11014.392,10585.874,10076.72,9302.207,8537.625
8001.162,7734.126,7539.65,7552.147,7819.731,8457.807,9615.97,10123.089,10040.21,10026.361,10172.126,10214.052,10162.422,10164.288,10093.114,10181.216,10512.746,11190.744,11138.209,10956.543,10640.872,10057.487,9297.085,8533.336
7912.134,7705.751,7450.545,7509.809,7705.66,8346.778,9570.142,10075.314,9890.9,9742.845,9704.462,9666.896,9600.115,9556.822,9518.415,9624.942,10010.819,10945.961,11211.965,11148.946,11107.633,10625.493,9999.987,9402.202
9031.611,8898.783,8843.073,8995.097,9476.588,10525.12,11995.328,12513.611,12060.263,11348.643,10807.724,10439.072,10135.379,9993.608,9917.801,10065.884,10655.925,11678.889,11810.728,11714.942,11621.238,11308.418,10859.034,10289.631
9841.351,9780.662,9755.135,9771.176,10012.195,10401.647,10998.848,11451.131,11564.366,11249.687,10893.348,10588.982,10211.47,9895.658,9758.243,10002.565,10607.545,11603.197,11693.251,11673.876,11543.42,11279.41,10812.563,10403.738
10039.794,9904.348,9892.137,10002.884,10163.19,10319.837,10820.242,11271.984,11611.421,11673.817,11482.408,11193.888,10928.207,10963.615,10907.253,11031.778,11528.081,12332.492,12444.332,12317.359,12068.139,11570.063,10848.658,10191.891
9719.455,9486.876,9408.957,9470.037,9826.942,10590.342,11761.625,12233.396,12015.295,11666.095,11288.105,10859.936,10496.225,10208.409,10060.787,10130.707,10733.875,11949.557,12175.506,12136.751,11894.543,11329.806,10525.878,9794.841
9295.724,9038.506,8954.173,9035.903,9414.731,10246.191,11477.147,11981.682,11864.525,11929.99,12011.421,12077.183,12000.242,11979.67,11941.771,12030.976,12552.778,13049.771,12877.102,12620.53,12270.719,11645.858,10768.877,10080.19
9572.392,9368.481,9293.097,9313.145,9646.432,10517.501,11712.099,12198.78,11891.337,11380.858,10943.663,10561.549,10292.433,10129.661,10001.436,10099.691,10626.364,11861.885,12176.816,12107.995,12073.39,11787.011,11131.65,10503.334
10196.762,10003.498,9924.232,9902.897,10229.832,11022.425,12188.868,12528.577,12260.961,12009.876,11850.291,11626.119,11373.63,11223.611,11137.852,11196.908,11848.892,12951.592,13055.173,13073.95,13012.142,12687.172,12081.587,11485.955
11137.136,11075.776,11190.257,11488.88,12016.49,13021.962,14271.387,14723.61,14117.025,13546.645,12983.041,12491.458,12160.48,11875.162,11758.995,12035.848,12949.277,14167.173,14284.672,14159.2,14047.017,13889.994,13374.739,12915.024
12511.957,12351.155,12255.972,12406.735,12731.39,13206.721,13964.942,14498.99,14407.954,13743.99,13014.906,12365.642,11941.352,11517.595,11292.431,11552.043,12436.898,13729.004,14067.706,14134.173,14196.026,14026.251,13602.526,13198.874
12784.734,12486.681,12330.342,12310.983,12340.587,12644.669,13067.5,13431.745,13578.692,13162.563,12590.178,12044.617,11894.686,11771.49,11717.67,11849.652,12407.148,13400.76,13441.909,13335.198,13015.77,12421.484,11553.078,10784.086
10200.716,9927.02,9807.948,9769.117,10068.586,10786.518,11856.284,12260.059,12064.999,11856.861,11793.418,11541.693,11302.917,10915.408,10496.957,10407.218,10865.863,12024.639,12201.038,12121.127,11965.782,11465.456,10757.826,10047.147
9592.621,9502.329,9467.419,9634.286,10074.324,10955.183,12272.79,12745.441,12516.728,12239.313,11853.949,11425.332,11197.558,11093.571,11062.998,11191.241,11770.04,12681.837,12732.79,12566.305,12329.974,11696.112,10926.487,10151.285
9704.762,9593.902,9517.479,9653.324,10041.693,11027.762,12354.732,12889.927,12615.396,12066.469,11549.867,11171.972,10937.272,10819.452,10979.233,11291.427,11910.687,12831.698,12976.173,13002.698,12759.048,12321.909,11503.2,10791.334
10378.537,10240.377,10300.759,10478.092,10979.107,12019.474,13454.404,14238.687,14005.169,13758.35,13523.75,13539.304,13490.712,13451.777,13479.285,13983.932,15191.652,16703.307,17087.222,17199.805,17174.295,16835.293,16247.403,15681.023
15389.197,15276.221,15348.096,15577.794,16082.264,16959.756,17898.319,18138.194,17629.986,17104.25,16453.768,15761.122,15210.668,14973.188,15102.754,15274.277,15795.02,16454.084,16159.549,15869.57,15488.372,14952.756,14229.225,13531.619
12971.23,12576.603,12438.605,12382.875,12518.184,12883.128,13321.176,13754.199,14116.988,14438.299,14386.967,14058.429,13378.827,12540.318,11796.353,11439.271,11627.495,12417.314,12217.083,11961.437,11714.109,11315.619,10718.726,10052.93
9421.633,9060.946,8834.698,8626.237,8579.327,8678.644,8860.473,9105.428,9423.633,9613.831,9604.901,9591.795,9595.987,9616.249,9765.826,9967.128,10601.86,11400.658,11589.605,11591.484,11527.449,11252.237,10858.997,10360.08
10073.617,10002.498,10073.87,10281.946,10867.252,11893.532,13123.96,13923.975,13993.102,13893.205,13653.885,13361.849,13100.08,12827.374,12757.965,12906.097,13501.11,14589.773,14843.423,14769.985,14539.603,14090.595,13366.26,12692.068
12235.167,12067.237,12059.316,12338.489,12882.819,13840.448,15098.201,15802.8,15474.748,14598.713,13711.585,13077.701,12540.642,12176.19,12034.44,12175.449,12814.963,14151.315,14473.338,14425.744,14387.821,14063.581,13530.506,12898.921
12655.132,12592.169,12744.124,12959.064,13468.694,14283.487,15471.168,15903.599,15304.448,14186.743,13081.644,12164.822,11533.193,11105.832,10814.002,10979.361,11662.616,12997.144,13217.073,13199.237,13095.931,12943.544,12462.865,11842.117
11255.092,11015.353,10847.892,10772.689,10996.143,11543.864,12369.506,12815.615,12681.828,12088.708,11596.064,10977.373,10570.192,10215.403,10060.336,10106.286,10661.603,11795.112,12026.072,12011.853,11999.931,11791.564,11363.275,10865.286
10546.609,10457.401,10598.392,10892.08,11429.764,12210.792,13132.332,13628.971,13623.914,13212.777,12410.93,11699.705,11148.256,10815.921,10737.005,10865.892,11428.905,12515.994,12448.476,12295.826,12103.131,11853.779,11376.978,10739.63
10192.078,9849.419,9589.665,9436.637,9531.304,9727.209,10091.719,10565.441,11094.842,11532.112,11652.316,11573.116,11271.829,10855.461,10650.194,10595.831,10760.466,11259.083,11112.697,10905.226,10813.824,10676.401,10379.018,9996.599
9587.778,9353.155,9252.361,9316.983,9508.13,9861.065,10340.199,10850.006,11075.542,10833.351,10349.966,9966.347,9713.763,9484.286,9306.925,9313.513,9644.332,10431.481,10587.119,10626.447,10701.793,10612.284,10315.032,9846.2
9414.319,9145.905,9026.031,9034.589,9225.7,9577.447,9972.754,10286.468,10590.862,10903.772,10986.777,10912.447,10707.208,10471.718,10350.812,10335.928,10680.389,11482.507,11513.058,11373.469,11167.733,10749.783,10178.488,9490.36
8938.103,8593.58,8396.764,8339.955,8471.1,8895.911,9534.379,9890.914,10039.682,10149.024,10165.974,10042.724,9864.347,9666.263,9512.887,9505.956,9790.893,10737.182,10840.115,10671.872,10428.041,9988.356,9427.358,8853.502
8436.122,8261.29,8260.31,8434.013,8872.348,9653.383,10631.373,11297.799,11347.922,11027.151,10764.674,10478.71,10202.07,10001.317,9874.305,9930.325,10499.004,11764.959,12121.29,12143.137,12101.445,11830.265,11357.288,10817.921
10456.569,10248.511,10140.023,10102.854,10330.688,10850.573,11485.096,11911.54,12033.084,11986.908,11811.031,11487.715,11092.898,10781.788,10462.672,10467.508,11009.248,12146.051,12283.415,12330.616,12192.854,11861.643,11419.913,10939.593
10597.882,10399.707,10398.915,10507.958,10905.631,11571.656,12396.753,12892.093,12747.797,12378.983,12204.376,11997.451,11922.809,11912.096,11792.683,11928.844,12399.802,13536.19,13567.576,13491.155,13358.681,13056.234,12689.397,12246.135
